93HGK5870GZ218968,2022-07-07 09:41:50.721936,93.72549019607843,47.0
93HGK5870GZ218968,2022-07-07 09:41:53.016809,83.13725490196079,47.0
93HGK5870GZ218968,2022-07-07 09:41:55.297372,99.6078431372549,47.0
93HGK5870GZ218968,2022-07-07 09:41:57.595198,99.2156862745098,47.0
93HGK5870GZ218968,2022-07-07 09:41:59.889819,90.58823529411765,47.0
93HGK5870GZ218968,2022-07-07 09:42:02.185977,90.58823529411765,47.0
93HGK5870GZ218968,2022-07-07 09:42:04.483853,93.72549019607843,47.0
93HGK5870GZ218968,2022-07-07 09:42:06.782122,99.6078431372549,47.0
93HGK5870GZ218968,2022-07-07 09:42:11.395098,90.58823529411765,47.0
93HGK5870GZ218968,2022-07-07 09:42:13.698340,99.6078431372549,46.0
93HGK5870GZ218968,2022-07-07 09:42:16.026240,99.6078431372549,46.0
93HGK5870GZ218968,2022-07-07 09:42:18.296709,99.6078431372549,47.0
93HGK5870GZ218968,2022-07-07 09:42:20.586952,90.58823529411765,45.0
93HGK5870GZ218968,2022-07-07 09:42:22.883917,99.6078431372549,45.0
93HGK5870GZ218968,2022-07-07 09:42:25.191264,99.6078431372549,45.0
93HGK5870GZ218968,2022-07-07 09:42:27.489743,98.03921568627452,46.0
93HGK5870GZ218968,2022-07-07 09:42:29.814380,99.6078431372549,45.0
93HGK5870GZ218968,2022-07-07 09:42:32.090421,99.6078431372549,46.0
93HGK5870GZ218968,2022-07-07 09:42:34.394520,99.6078431372549,46.0
93HGK5870GZ218968,2022-07-07 09:42:36.690336,90.58823529411765,44.0
93HGK5870GZ218968,2022-07-07 09:42:38.990668,99.6078431372549,44.0
93HGK5870GZ218968,2022-07-07 09:42:41.310882,90.58823529411765,45.0
93HGK5870GZ218968,2022-07-07 09:42:43.579891,99.6078431372549,45.0
93HGK5870GZ218968,2022-07-07 09:42:45.885789,99.6078431372549,45.0
93HGK5870GZ218968,2022-07-07 09:42:48.197871,93.72549019607843,43.0
93HGK5870GZ218968,2022-07-07 09:42:50.486186,93.72549019607843,44.0
93HGK5870GZ218968,2022-07-07 09:42:52.784587,90.58823529411765,44.0
93HGK5870GZ218968,2022-07-07 09:42:55.080691,99.6078431372549,44.0
93HGK5870GZ218968,2022-07-07 09:42:57.417269,99.2156862745098,44.0
93HGK5870GZ218968,2022-07-07 09:42:59.713329,98.03921568627452,44.0
93HGK5870GZ218968,2022-07-07 09:43:01.989695,93.72549019607843,44.0
93HGK5870GZ218968,2022-07-07 09:43:04.293871,99.6078431372549,44.0
93HGK5870GZ218968,2022-07-07 09:43:06.589799,90.58823529411765,44.0
93HGK5870GZ218968,2022-07-07 09:43:08.890396,98.03921568627452,43.0
93HGK5870GZ218968,2022-07-07 09:43:11.188513,93.72549019607843,44.0
93HGK5870GZ218968,2022-07-07 09:43:13.502334,99.6078431372549,43.0
93HGK5870GZ218968,2022-07-07 09:43:15.791862,99.2156862745098,43.0
93HGK5870GZ218968,2022-07-07 09:43:18.106419,99.6078431372549,43.0
93HGK5870GZ218968,2022-07-07 09:43:20.397526,98.03921568627452,43.0
93HGK5870GZ218968,2022-07-07 09:43:22.687626,99.6078431372549,43.0
93HGK5870GZ218968,2022-07-07 09:43:24.993621,99.6078431372549,43.0
93HGK5870GZ218968,2022-07-07 09:43:27.288586,90.58823529411765,44.0
93HGK5870GZ218968,2022-07-07 09:43:29.604492,99.6078431372549,43.0
93HGK5870GZ218968,2022-07-07 09:43:31.916765,99.6078431372549,43.0
93HGK5870GZ218968,2022-07-07 09:43:34.185458,99.2156862745098,44.0
93HGK5870GZ218968,2022-07-07 09:43:36.494471,99.2156862745098,43.0
93HGK5870GZ218968,2022-07-07 09:43:38.789610,92.54901960784314,43.0
93HGK5870GZ218968,2022-07-07 09:43:41.094522,99.2156862745098,41.0
93HGK5870GZ218968,2022-07-07 09:43:43.391168,99.6078431372549,40.0
93HGK5870GZ218968,2022-07-07 09:43:45.688535,99.6078431372549,41.0
93HGK5870GZ218968,2022-07-07 09:43:48.016041,99.6078431372549,42.0
93HGK5870GZ218968,2022-07-07 09:43:50.308797,99.6078431372549,42.0
93HGK5870GZ218968,2022-07-07 09:43:52.584715,99.6078431372549,43.0
93HGK5870GZ218968,2022-07-07 09:43:54.884408,99.6078431372549,43.0
93HGK5870GZ218968,2022-07-07 09:43:57.187193,93.72549019607843,42.0
93HGK5870GZ218968,2022-07-07 09:43:59.488992,90.58823529411765,39.0
93HGK5870GZ218968,2022-07-07 09:44:01.812830,90.58823529411765,39.0
93HGK5870GZ218968,2022-07-07 09:44:04.108077,83.13725490196079,37.0
93HGK5870GZ218968,2022-07-07 09:44:06.389301,97.6470588235294,36.0
93HGK5870GZ218968,2022-07-07 09:44:08.697949,93.72549019607843,36.0
93HGK5870GZ218968,2022-07-07 09:44:10.991099,98.03921568627452,36.0
93HGK5870GZ218968,2022-07-07 09:44:13.284450,90.58823529411765,38.0
93HGK5870GZ218968,2022-07-07 09:44:15.582100,99.6078431372549,38.0
93HGK5870GZ218968,2022-07-07 09:44:17.890099,83.13725490196079,40.0
93HGK5870GZ218968,2022-07-07 09:44:20.192089,98.03921568627452,37.0
93HGK5870GZ218968,2022-07-07 09:44:22.490371,99.6078431372549,36.0
93HGK5870GZ218968,2022-07-07 09:44:24.794888,99.6078431372549,36.0
93HGK5870GZ218968,2022-07-07 09:44:27.083026,68.62745098039215,35.0
93HGK5870GZ218968,2022-07-07 09:44:29.386392,99.6078431372549,35.0
93HGK5870GZ218968,2022-07-07 09:44:31.690610,90.58823529411765,35.0
93HGK5870GZ218968,2022-07-07 09:44:33.984643,90.58823529411765,34.0
93HGK5870GZ218968,2022-07-07 09:44:36.309947,99.2156862745098,35.0
93HGK5870GZ218968,2022-07-07 09:44:38.583276,99.6078431372549,35.0
93HGK5870GZ218968,2022-07-07 09:44:40.898956,99.6078431372549,36.0
93HGK5870GZ218968,2022-07-07 09:44:43.188465,98.03921568627452,37.0
93HGK5870GZ218968,2022-07-07 09:44:45.479151,90.19607843137256,37.0
93HGK5870GZ218968,2022-07-07 09:44:47.830872,78.43137254901961,35.0
93HGK5870GZ218968,2022-07-07 09:44:50.105381,90.58823529411765,34.0
93HGK5870GZ218968,2022-07-07 09:44:52.412847,99.6078431372549,35.0
93HGK5870GZ218968,2022-07-07 09:44:54.704729,99.6078431372549,37.0
93HGK5870GZ218968,2022-07-07 09:44:56.985654,99.6078431372549,35.0
93HGK5870GZ218968,2022-07-07 09:44:59.285652,90.58823529411765,34.0
93HGK5870GZ218968,2022-07-07 09:45:01.583224,99.6078431372549,34.0
93HGK5870GZ218968,2022-07-07 09:45:03.892280,99.6078431372549,35.0
93HGK5870GZ218968,2022-07-07 09:45:06.220568,90.58823529411765,37.0
93HGK5870GZ218968,2022-07-07 09:45:08.511183,87.05882352941177,35.0
93HGK5870GZ218968,2022-07-07 09:45:10.812242,99.6078431372549,35.0
93HGK5870GZ218968,2022-07-07 09:45:13.098706,99.6078431372549,33.0
93HGK5870GZ218968,2022-07-07 09:45:15.390328,99.6078431372549,35.0
93HGK5870GZ218968,2022-07-07 09:45:17.731740,99.6078431372549,36.0
93HGK5870GZ218968,2022-07-07 09:45:19.982525,90.58823529411765,37.0
93HGK5870GZ218968,2022-07-07 09:45:22.285553,90.58823529411765,35.0
93HGK5870GZ218968,2022-07-07 09:45:24.587125,86.66666666666667,35.0
93HGK5870GZ218968,2022-07-07 09:45:26.918876,99.6078431372549,35.0
93HGK5870GZ218968,2022-07-07 09:45:29.205111,90.58823529411765,35.0
93HGK5870GZ218968,2022-07-07 09:45:31.492673,99.6078431372549,34.0
93HGK5870GZ218968,2022-07-07 09:45:33.777912,99.2156862745098,34.0
93HGK5870GZ218968,2022-07-07 09:45:36.090008,89.41176470588235,35.0
93HGK5870GZ218968,2022-07-07 09:45:38.385142,90.58823529411765,36.0
93HGK5870GZ218968,2022-07-07 09:45:40.704562,99.6078431372549,35.0
93HGK5870GZ218968,2022-07-07 09:45:43.015230,99.6078431372549,34.0
93HGK5870GZ218968,2022-07-07 09:45:45.284762,99.6078431372549,35.0
93HGK5870GZ218968,2022-07-07 09:45:47.577612,99.6078431372549,36.0
93HGK5870GZ218968,2022-07-07 09:45:49.882813,98.03921568627452,34.0
93HGK5870GZ218968,2022-07-07 09:45:52.184567,99.6078431372549,34.0
93HGK5870GZ218968,2022-07-07 09:45:54.488857,99.6078431372549,35.0
93HGK5870GZ218968,2022-07-07 09:45:56.787432,83.13725490196079,36.0
93HGK5870GZ218968,2022-07-07 09:45:59.118721,99.2156862745098,34.0
93HGK5870GZ218968,2022-07-07 09:46:01.401927,85.88235294117646,35.0
93HGK5870GZ218968,2022-07-07 09:46:03.688470,99.6078431372549,34.0
93HGK5870GZ218968,2022-07-07 09:46:05.986971,83.13725490196079,35.0
93HGK5870GZ218968,2022-07-07 09:46:10.599301,99.2156862745098,36.0
93HGK5870GZ218968,2022-07-07 09:46:12.879394,99.6078431372549,36.0
93HGK5870GZ218968,2022-07-07 09:46:15.188203,99.6078431372549,36.0
93HGK5870GZ218968,2022-07-07 09:46:17.499247,98.03921568627452,36.0
93HGK5870GZ218968,2022-07-07 09:46:19.791584,99.6078431372549,36.0
93HGK5870GZ218968,2022-07-07 09:46:22.090719,90.58823529411765,36.0
93HGK5870GZ218968,2022-07-07 09:46:24.389749,99.6078431372549,37.0
93HGK5870GZ218968,2022-07-07 09:46:26.696635,99.6078431372549,37.0
93HGK5870GZ218968,2022-07-07 09:46:28.993522,99.6078431372549,37.0
93HGK5870GZ218968,2022-07-07 09:46:31.302929,99.6078431372549,37.0
93HGK5870GZ218968,2022-07-07 09:46:33.581614,99.6078431372549,37.0
93HGK5870GZ218968,2022-07-07 09:46:35.880553,99.6078431372549,37.0
93HGK5870GZ218968,2022-07-07 09:46:38.194502,99.6078431372549,37.0
93HGK5870GZ218968,2022-07-07 09:46:40.487463,99.6078431372549,37.0
93HGK5870GZ218968,2022-07-07 09:46:42.788390,99.6078431372549,37.0
93HGK5870GZ218968,2022-07-07 09:46:45.102386,99.6078431372549,37.0
93HGK5870GZ218968,2022-07-07 09:46:47.412395,99.6078431372549,37.0
93HGK5870GZ218968,2022-07-07 09:46:49.685592,99.6078431372549,38.0
93HGK5870GZ218968,2022-07-07 09:46:51.985256,99.6078431372549,38.0
93HGK5870GZ218968,2022-07-07 09:46:54.287525,90.58823529411765,38.0
93HGK5870GZ218968,2022-07-07 09:46:56.589260,99.6078431372549,37.0
93HGK5870GZ218968,2022-07-07 09:46:58.889564,99.6078431372549,37.0
93HGK5870GZ218968,2022-07-07 09:47:01.216401,99.6078431372549,37.0
93HGK5870GZ218968,2022-07-07 09:47:03.517808,99.6078431372549,37.0
93HGK5870GZ218968,2022-07-07 09:47:05.785774,99.6078431372549,37.0
93HGK5870GZ218968,2022-07-07 09:47:10.393535,99.6078431372549,38.0
93HGK5870GZ218968,2022-07-07 09:47:12.692829,99.6078431372549,38.0
93HGK5870GZ218968,2022-07-07 09:47:14.989065,99.6078431372549,37.0
93HGK5870GZ218968,2022-07-07 09:47:17.289703,99.6078431372549,37.0
93HGK5870GZ218968,2022-07-07 09:47:19.634527,99.6078431372549,37.0
93HGK5870GZ218968,2022-07-07 09:47:21.896048,99.6078431372549,37.0
93HGK5870GZ218968,2022-07-07 09:47:24.196169,99.2156862745098,37.0
93HGK5870GZ218968,2022-07-07 09:47:26.485531,99.6078431372549,37.0
93HGK5870GZ218968,2022-07-07 09:47:28.783744,99.6078431372549,37.0
93HGK5870GZ218968,2022-07-07 09:47:31.092020,99.6078431372549,37.0
93HGK5870GZ218968,2022-07-07 09:47:33.393164,99.6078431372549,38.0
93HGK5870GZ218968,2022-07-07 09:47:35.715973,99.6078431372549,38.0
93HGK5870GZ218968,2022-07-07 09:47:37.990421,99.2156862745098,37.0
93HGK5870GZ218968,2022-07-07 09:47:40.288331,99.6078431372549,37.0
93HGK5870GZ218968,2022-07-07 09:47:42.593648,99.6078431372549,37.0
93HGK5870GZ218968,2022-07-07 09:47:44.895164,99.6078431372549,37.0
93HGK5870GZ218968,2022-07-07 09:47:49.493381,99.6078431372549,37.0
93HGK5870GZ218968,2022-07-07 09:47:51.811277,99.6078431372549,37.0
93HGK5870GZ218968,2022-07-07 09:47:54.112113,99.6078431372549,37.0
93HGK5870GZ218968,2022-07-07 09:47:56.391976,99.6078431372549,37.0
93HGK5870GZ218968,2022-07-07 09:47:58.686557,99.2156862745098,38.0
93HGK5870GZ218968,2022-07-07 09:48:00.985740,99.6078431372549,37.0
93HGK5870GZ218968,2022-07-07 09:48:03.297396,99.6078431372549,37.0
93HGK5870GZ218968,2022-07-07 09:48:05.637429,99.6078431372549,37.0
93HGK5870GZ218968,2022-07-07 09:48:07.941699,99.6078431372549,37.0
93HGK5870GZ218968,2022-07-07 09:48:10.221013,99.6078431372549,37.0
93HGK5870GZ218968,2022-07-07 09:48:12.489516,90.58823529411765,37.0
93HGK5870GZ218968,2022-07-07 09:48:14.795421,99.6078431372549,37.0
93HGK5870GZ218968,2022-07-07 09:48:17.086504,99.6078431372549,37.0
93HGK5870GZ218968,2022-07-07 09:48:19.386505,99.6078431372549,37.0
93HGK5870GZ218968,2022-07-07 09:48:21.769925,99.6078431372549,37.0
93HGK5870GZ218968,2022-07-07 09:48:24.022550,99.6078431372549,37.0
93HGK5870GZ218968,2022-07-07 09:48:26.279881,99.6078431372549,37.0
93HGK5870GZ218968,2022-07-07 09:48:28.580776,99.6078431372549,37.0
93HGK5870GZ218968,2022-07-07 09:48:30.887919,90.58823529411765,37.0
93HGK5870GZ218968,2022-07-07 09:48:33.189750,90.58823529411765,37.0
93HGK5870GZ218968,2022-07-07 09:48:35.486752,99.6078431372549,37.0
93HGK5870GZ218968,2022-07-07 09:48:37.802682,99.2156862745098,37.0
93HGK5870GZ218968,2022-07-07 09:48:40.110167,90.58823529411765,37.0
93HGK5870GZ218968,2022-07-07 09:48:42.385878,93.72549019607843,36.0
93HGK5870GZ218968,2022-07-07 09:48:44.680428,93.72549019607843,36.0
93HGK5870GZ218968,2022-07-07 09:48:46.979599,99.6078431372549,36.0
93HGK5870GZ218968,2022-07-07 09:48:49.277429,89.41176470588235,36.0
93HGK5870GZ218968,2022-07-07 09:48:51.578898,99.2156862745098,36.0
93HGK5870GZ218968,2022-07-07 09:48:56.207612,99.6078431372549,36.0
93HGK5870GZ218968,2022-07-07 09:48:58.498564,93.72549019607843,36.0
93HGK5870GZ218968,2022-07-07 09:49:00.795695,98.03921568627452,36.0
93HGK5870GZ218968,2022-07-07 09:49:03.089357,93.72549019607843,35.0
93HGK5870GZ218968,2022-07-07 09:49:05.388295,99.2156862745098,36.0
93HGK5870GZ218968,2022-07-07 09:49:07.711657,99.2156862745098,36.0
93HGK5870GZ218968,2022-07-07 09:49:09.988103,90.58823529411765,36.0
93HGK5870GZ218968,2022-07-07 09:49:12.290633,93.72549019607843,36.0
93HGK5870GZ218968,2022-07-07 09:49:14.597610,93.72549019607843,35.0
93HGK5870GZ218968,2022-07-07 09:49:16.898417,99.6078431372549,35.0
93HGK5870GZ218968,2022-07-07 09:49:19.189091,99.6078431372549,36.0
93HGK5870GZ218968,2022-07-07 09:49:21.489168,90.58823529411765,36.0
93HGK5870GZ218968,2022-07-07 09:49:23.784550,99.6078431372549,36.0
93HGK5870GZ218968,2022-07-07 09:49:26.083325,90.19607843137256,36.0
93HGK5870GZ218968,2022-07-07 09:49:28.400958,98.03921568627452,35.0
93HGK5870GZ218968,2022-07-07 09:49:30.709055,98.03921568627452,35.0
93HGK5870GZ218968,2022-07-07 09:49:32.991144,93.72549019607843,35.0
93HGK5870GZ218968,2022-07-07 09:49:35.300787,97.6470588235294,35.0
93HGK5870GZ218968,2022-07-07 09:49:37.588174,99.6078431372549,35.0
93HGK5870GZ218968,2022-07-07 09:49:39.888239,99.6078431372549,36.0
93HGK5870GZ218968,2022-07-07 09:49:42.197688,99.6078431372549,36.0
93HGK5870GZ218968,2022-07-07 09:49:44.520118,99.6078431372549,35.0
93HGK5870GZ218968,2022-07-07 09:49:46.841897,99.6078431372549,36.0
93HGK5870GZ218968,2022-07-07 09:49:49.111358,87.05882352941177,35.0
93HGK5870GZ218968,2022-07-07 09:49:51.387186,93.72549019607843,33.0
93HGK5870GZ218968,2022-07-07 09:49:53.684340,98.03921568627452,34.0
93HGK5870GZ218968,2022-07-07 09:49:55.983249,89.41176470588235,32.0
93HGK5870GZ218968,2022-07-07 09:49:58.309788,90.58823529411765,32.0
93HGK5870GZ218968,2022-07-07 09:50:00.613245,99.6078431372549,32.0
93HGK5870GZ218968,2022-07-07 09:50:02.885009,99.6078431372549,33.0
93HGK5870GZ218968,2022-07-07 09:50:05.183075,99.6078431372549,34.0
93HGK5870GZ218968,2022-07-07 09:50:07.484543,99.6078431372549,35.0
93HGK5870GZ218968,2022-07-07 09:50:09.789207,89.41176470588235,34.0
93HGK5870GZ218968,2022-07-07 09:50:12.082967,68.62745098039215,33.0
93HGK5870GZ218968,2022-07-07 09:50:14.388275,92.54901960784314,32.0
93HGK5870GZ218968,2022-07-07 09:50:16.687185,99.2156862745098,32.0
93HGK5870GZ218968,2022-07-07 09:50:19.013856,99.6078431372549,33.0
93HGK5870GZ218968,2022-07-07 09:50:21.311720,99.6078431372549,34.0
93HGK5870GZ218968,2022-07-07 09:50:23.581504,99.6078431372549,34.0
93HGK5870GZ218968,2022-07-07 09:50:25.894406,99.6078431372549,35.0
93HGK5870GZ218968,2022-07-07 09:50:28.180397,99.6078431372549,35.0
93HGK5870GZ218968,2022-07-07 09:50:30.484331,98.03921568627452,35.0
93HGK5870GZ218968,2022-07-07 09:50:32.803804,99.2156862745098,33.0
93HGK5870GZ218968,2022-07-07 09:50:35.120490,99.6078431372549,32.0
93HGK5870GZ218968,2022-07-07 09:50:37.391396,99.6078431372549,33.0
93HGK5870GZ218968,2022-07-07 09:50:39.690468,99.6078431372549,35.0
93HGK5870GZ218968,2022-07-07 09:50:41.957569,83.13725490196079,34.0
93HGK5870GZ218968,2022-07-07 09:50:44.279824,98.03921568627452,33.0
93HGK5870GZ218968,2022-07-07 09:50:46.587079,99.6078431372549,33.0
93HGK5870GZ218968,2022-07-07 09:50:48.883301,99.6078431372549,33.0
93HGK5870GZ218968,2022-07-07 09:50:51.182879,99.6078431372549,34.0
93HGK5870GZ218968,2022-07-07 09:50:53.494388,99.6078431372549,34.0
93HGK5870GZ218968,2022-07-07 09:50:55.779467,99.6078431372549,35.0
93HGK5870GZ218968,2022-07-07 09:50:58.108210,83.13725490196079,34.0
93HGK5870GZ218968,2022-07-07 09:51:00.398230,99.6078431372549,32.0
93HGK5870GZ218968,2022-07-07 09:51:02.697805,99.6078431372549,33.0
93HGK5870GZ218968,2022-07-07 09:51:04.985865,99.6078431372549,34.0
93HGK5870GZ218968,2022-07-07 09:51:07.291648,90.58823529411765,34.0
93HGK5870GZ218968,2022-07-07 09:51:09.623548,99.6078431372549,32.0
93HGK5870GZ218968,2022-07-07 09:51:11.903940,99.6078431372549,32.0
93HGK5870GZ218968,2022-07-07 09:51:14.184071,99.2156862745098,34.0
93HGK5870GZ218968,2022-07-07 09:51:16.483503,99.6078431372549,32.0
93HGK5870GZ218968,2022-07-07 09:51:18.783614,99.6078431372549,33.0
93HGK5870GZ218968,2022-07-07 09:51:21.084156,99.6078431372549,33.0
93HGK5870GZ218968,2022-07-07 09:51:23.411440,99.6078431372549,34.0
93HGK5870GZ218968,2022-07-07 09:51:25.703693,99.6078431372549,35.0
93HGK5870GZ218968,2022-07-07 09:51:27.989115,61.96078431372549,33.0
93HGK5870GZ218968,2022-07-07 09:51:30.292183,99.6078431372549,31.0
93HGK5870GZ218968,2022-07-07 09:51:32.594769,99.6078431372549,32.0
93HGK5870GZ218968,2022-07-07 09:51:34.888371,99.6078431372549,32.0
93HGK5870GZ218968,2022-07-07 09:51:37.220430,99.6078431372549,33.0
93HGK5870GZ218968,2022-07-07 09:51:39.517438,90.58823529411765,34.0
93HGK5870GZ218968,2022-07-07 09:51:41.795952,90.58823529411765,32.0
93HGK5870GZ218968,2022-07-07 09:51:44.083402,99.2156862745098,33.0
93HGK5870GZ218968,2022-07-07 09:51:46.381950,99.6078431372549,33.0
93HGK5870GZ218968,2022-07-07 09:51:48.683206,99.6078431372549,33.0
93HGK5870GZ218968,2022-07-07 09:51:50.991864,99.6078431372549,34.0
93HGK5870GZ218968,2022-07-07 09:51:53.310808,90.58823529411765,33.0
93HGK5870GZ218968,2022-07-07 09:51:55.595809,99.2156862745098,31.0
93HGK5870GZ218968,2022-07-07 09:51:57.893657,90.58823529411765,32.0
93HGK5870GZ218968,2022-07-07 09:52:00.191342,93.72549019607843,32.0
93HGK5870GZ218968,2022-07-07 09:52:02.498586,89.41176470588235,33.0
93HGK5870GZ218968,2022-07-07 09:52:04.789350,99.6078431372549,33.0
93HGK5870GZ218968,2022-07-07 09:52:07.113350,99.6078431372549,33.0
93HGK5870GZ218968,2022-07-07 09:52:09.386663,99.6078431372549,33.0
93HGK5870GZ218968,2022-07-07 09:52:11.741836,99.2156862745098,34.0
93HGK5870GZ218968,2022-07-07 09:52:14.024231,99.6078431372549,32.0
93HGK5870GZ218968,2022-07-07 09:52:16.291083,98.82352941176471,32.0
93HGK5870GZ218968,2022-07-07 09:52:18.591397,99.6078431372549,32.0
93HGK5870GZ218968,2022-07-07 09:52:23.188451,99.6078431372549,33.0
93HGK5870GZ218968,2022-07-07 09:52:25.486484,99.6078431372549,34.0
93HGK5870GZ218968,2022-07-07 09:52:27.794648,99.2156862745098,35.0
93HGK5870GZ218968,2022-07-07 09:52:30.086082,99.2156862745098,34.0
93HGK5870GZ218968,2022-07-07 09:52:32.382296,98.03921568627452,34.0
93HGK5870GZ218968,2022-07-07 09:52:34.684535,87.05882352941177,34.0
93HGK5870GZ218968,2022-07-07 09:52:36.998025,90.58823529411765,34.0
93HGK5870GZ218968,2022-07-07 09:52:39.277918,99.6078431372549,33.0
93HGK5870GZ218968,2022-07-07 09:52:41.580245,99.6078431372549,33.0
93HGK5870GZ218968,2022-07-07 09:52:43.914774,98.03921568627452,34.0
93HGK5870GZ218968,2022-07-07 09:52:46.197930,99.6078431372549,34.0
93HGK5870GZ218968,2022-07-07 09:52:48.482621,99.6078431372549,34.0
93HGK5870GZ218968,2022-07-07 09:52:50.789183,99.6078431372549,34.0
93HGK5870GZ218968,2022-07-07 09:52:53.088499,99.6078431372549,34.0
93HGK5870GZ218968,2022-07-07 09:52:55.386459,99.6078431372549,34.0
93HGK5870GZ218968,2022-07-07 09:53:00.029815,99.6078431372549,34.0
93HGK5870GZ218968,2022-07-07 09:53:02.269608,99.6078431372549,34.0
9BFZB55S5M8843911,2022-07-06 10:54:15.138126,63.13725490196079,57.0
9BFZB55S5M8843911,2022-07-06 10:54:17.465567,63.13725490196079,57.0
9BFZB55S5M8843911,2022-07-06 10:54:19.713805,63.13725490196079,57.0
9BFZB55S5M8843911,2022-07-06 10:54:22.101604,63.13725490196079,57.0
9BFZB55S5M8843911,2022-07-06 10:54:24.409571,62.745098039215684,57.0
9BFZB55S5M8843911,2022-07-06 10:54:26.689288,63.13725490196079,57.0
9BFZB55S5M8843911,2022-07-06 10:54:28.991794,62.745098039215684,57.0
9BFZB55S5M8843911,2022-07-06 10:54:31.240550,62.745098039215684,56.0
9BFZB55S5M8843911,2022-07-06 10:54:33.548762,63.13725490196079,56.0
9BFZB55S5M8843911,2022-07-06 10:54:35.831501,63.13725490196079,56.0
9BFZB55S5M8843911,2022-07-06 10:54:38.180778,62.745098039215684,56.0
9BFZB55S5M8843911,2022-07-06 10:54:40.470497,63.13725490196079,56.0
9BFZB55S5M8843911,2022-07-06 10:54:42.781706,63.13725490196079,56.0
9BFZB55S5M8843911,2022-07-06 10:54:49.660125,62.745098039215684,56.0
9BFZB55S5M8843911,2022-07-06 10:54:51.981142,63.13725490196079,56.0
9BFZB55S5M8843911,2022-07-06 10:54:54.327297,62.745098039215684,56.0
9BFZB55S5M8843911,2022-07-06 10:54:58.899220,63.13725490196079,56.0
9BFZB55S5M8843911,2022-07-06 10:55:01.182603,62.745098039215684,56.0
9BFZB55S5M8843911,2022-07-06 10:55:03.438484,65.49019607843137,56.0
9BFZB55S5M8843911,2022-07-06 10:55:05.774061,63.13725490196079,56.0
9BFZB55S5M8843911,2022-07-06 10:55:08.080989,60.78431372549019,56.0
9BFZB55S5M8843911,2022-07-06 10:55:10.364516,68.23529411764706,55.0
9BFZB55S5M8843911,2022-07-06 10:55:12.671080,65.49019607843137,55.0
9BFZB55S5M8843911,2022-07-06 10:55:15.005478,65.09803921568627,55.0
9BFZB55S5M8843911,2022-07-06 10:55:17.264160,60.78431372549019,55.0
9BFZB55S5M8843911,2022-07-06 10:55:19.569791,58.8235294117647,55.0
9BFZB55S5M8843911,2022-07-06 10:55:21.845489,74.50980392156863,55.0
9BFZB55S5M8843911,2022-07-06 10:55:24.131404,52.94117647058823,55.0
9BFZB55S5M8843911,2022-07-06 10:55:26.467182,65.49019607843137,55.0
9BFZB55S5M8843911,2022-07-06 10:55:28.804807,65.09803921568627,55.0
9BFZB55S5M8843911,2022-07-06 10:55:31.099150,65.88235294117646,55.0
9BFZB55S5M8843911,2022-07-06 10:55:40.275343,60.78431372549019,55.0
9BFZB55S5M8843911,2022-07-06 10:55:42.583518,60.78431372549019,55.0
9BFZB55S5M8843911,2022-07-06 10:55:44.915215,62.745098039215684,55.0
9BFZB55S5M8843911,2022-07-06 10:55:49.474601,74.90196078431373,55.0
9BFZB55S5M8843911,2022-07-06 10:55:51.722808,74.50980392156863,55.0
9BFZB55S5M8843911,2022-07-06 10:55:54.064614,60.78431372549019,55.0
9BFZB55S5M8843911,2022-07-06 10:55:56.344641,65.09803921568627,54.0
9BFZB55S5M8843911,2022-07-06 10:55:58.627362,65.49019607843137,54.0
9BFZB55S5M8843911,2022-07-06 10:56:00.962456,60.78431372549019,54.0
9BFZB55S5M8843911,2022-07-06 10:56:03.275669,49.01960784313726,54.0
9BFZB55S5M8843911,2022-07-06 10:56:05.523714,56.470588235294116,55.0
9BFZB55S5M8843911,2022-07-06 10:56:07.834282,59.21568627450981,55.0
9BFZB55S5M8843911,2022-07-06 10:56:10.175731,62.745098039215684,54.0
9BFZB55S5M8843911,2022-07-06 10:56:12.455580,65.09803921568627,54.0
9BFZB55S5M8843911,2022-07-06 10:56:14.774186,65.49019607843137,54.0
9BFZB55S5M8843911,2022-07-06 10:56:17.074307,63.13725490196079,54.0
9BFZB55S5M8843911,2022-07-06 10:56:19.332533,63.13725490196079,54.0
9BFZB55S5M8843911,2022-07-06 10:56:21.633247,63.13725490196079,54.0
9BFZB55S5M8843911,2022-07-06 10:56:23.972187,63.13725490196079,54.0
9BFZB55S5M8843911,2022-07-06 10:56:26.256880,63.13725490196079,54.0
9BFZB55S5M8843911,2022-07-06 10:56:28.535578,62.745098039215684,54.0
9BFZB55S5M8843911,2022-07-06 10:56:30.845327,61.1764705882353,54.0
9BFZB55S5M8843911,2022-07-06 10:56:33.168793,58.8235294117647,54.0
9BFZB55S5M8843911,2022-07-06 10:56:35.471606,60.78431372549019,54.0
9BFZB55S5M8843911,2022-07-06 10:56:37.743709,60.78431372549019,54.0
9BFZB55S5M8843911,2022-07-06 10:56:40.025296,61.1764705882353,54.0
9BFZB55S5M8843911,2022-07-06 10:56:42.392454,63.13725490196079,54.0
9BFZB55S5M8843911,2022-07-06 10:56:46.996149,62.745098039215684,54.0
9BFZB55S5M8843911,2022-07-06 10:56:49.261047,62.745098039215684,54.0
9BFZB55S5M8843911,2022-07-06 10:56:51.588559,63.13725490196079,53.0
9BFZB55S5M8843911,2022-07-06 10:56:53.882128,60.78431372549019,53.0
9BFZB55S5M8843911,2022-07-06 10:56:56.130965,58.8235294117647,53.0
9BFZB55S5M8843911,2022-07-06 10:56:58.484018,63.13725490196079,53.0
9BFZB55S5M8843911,2022-07-06 10:57:00.782311,63.13725490196079,53.0
9BFZB55S5M8843911,2022-07-06 10:57:03.083482,63.13725490196079,53.0
9BFZB55S5M8843911,2022-07-06 10:57:05.414595,58.8235294117647,53.0
9BFZB55S5M8843911,2022-07-06 10:57:07.719667,61.1764705882353,53.0
9BFZB55S5M8843911,2022-07-06 10:57:12.280195,62.745098039215684,53.0
9BFZB55S5M8843911,2022-07-06 10:57:14.582305,61.1764705882353,52.0
9BFZB55S5M8843911,2022-07-06 10:57:16.909239,62.745098039215684,52.0
9BFZB55S5M8843911,2022-07-06 10:57:21.495261,60.78431372549019,52.0
9BFZB55S5M8843911,2022-07-06 10:57:23.768594,61.1764705882353,52.0
9BFZB55S5M8843911,2022-07-06 10:57:35.264093,58.8235294117647,51.0
9BFZB55S5M8843911,2022-07-06 10:57:37.532665,63.13725490196079,52.0
9BFZB55S5M8843911,2022-07-06 10:57:44.490201,44.705882352941174,52.0
9BFZB55S5M8843911,2022-07-06 10:57:49.127392,63.13725490196079,52.0
9BFZB55S5M8843911,2022-07-06 10:57:51.367639,60.78431372549019,51.0
9BFZB55S5M8843911,2022-07-06 10:57:53.671251,54.90196078431372,50.0
9BFZB55S5M8843911,2022-07-06 10:57:55.978076,63.13725490196079,50.0
9BFZB55S5M8843911,2022-07-06 10:57:58.245914,70.98039215686275,51.0
9BFZB55S5M8843911,2022-07-06 10:58:00.540314,75.68627450980392,50.0
9BFZB55S5M8843911,2022-07-06 10:58:02.819796,65.09803921568627,50.0
9BFZB55S5M8843911,2022-07-06 10:58:05.146064,61.1764705882353,50.0
9BFZB55S5M8843911,2022-07-06 10:58:09.786245,68.23529411764706,49.0
9BFZB55S5M8843911,2022-07-06 10:58:12.059676,65.49019607843137,50.0
9BFZB55S5M8843911,2022-07-06 10:58:14.341683,60.78431372549019,50.0
9BFZB55S5M8843911,2022-07-06 10:58:16.654945,60.78431372549019,51.0
9BFZB55S5M8843911,2022-07-06 10:58:21.261299,58.8235294117647,50.0
9BFZB55S5M8843911,2022-07-06 10:58:23.534474,58.8235294117647,50.0
9BFZB55S5M8843911,2022-07-06 10:58:25.919836,62.745098039215684,50.0
9BFZB55S5M8843911,2022-07-06 10:58:32.729019,61.1764705882353,49.0
9BFZB55S5M8843911,2022-07-06 10:58:35.069460,62.745098039215684,49.0
9BFZB55S5M8843911,2022-07-06 10:58:37.354219,60.78431372549019,49.0
9BFZB55S5M8843911,2022-07-06 10:58:39.629872,60.78431372549019,49.0
9BFZB55S5M8843911,2022-07-06 10:58:41.969497,60.78431372549019,49.0
9BFZB55S5M8843911,2022-07-06 10:58:44.247883,62.745098039215684,49.0
9BFZB55S5M8843911,2022-07-06 10:58:46.538641,58.8235294117647,49.0
9BFZB55S5M8843911,2022-07-06 10:58:48.896259,62.745098039215684,49.0
9BFZB55S5M8843911,2022-07-06 10:58:51.179700,65.49019607843137,49.0
9BFZB55S5M8843911,2022-07-06 10:58:53.429718,62.745098039215684,48.0
9BFZB55S5M8843911,2022-07-06 10:58:55.768305,60.78431372549019,48.0
9BFZB55S5M8843911,2022-07-06 10:58:58.050994,63.13725490196079,49.0
9BFZB55S5M8843911,2022-07-06 10:59:00.328376,65.49019607843137,49.0
9BFZB55S5M8843911,2022-07-06 10:59:02.654526,61.1764705882353,49.0
9BFZB55S5M8843911,2022-07-06 10:59:04.980090,62.745098039215684,49.0
9BFZB55S5M8843911,2022-07-06 10:59:07.258604,60.78431372549019,48.0
9BFZB55S5M8843911,2022-07-06 10:59:11.848857,58.8235294117647,48.0
9BFZB55S5M8843911,2022-07-06 10:59:14.127708,60.78431372549019,49.0
9BFZB55S5M8843911,2022-07-06 10:59:16.492252,60.78431372549019,49.0
9BFZB55S5M8843911,2022-07-06 10:59:18.775578,57.254901960784316,48.0
9BFZB55S5M8843911,2022-07-06 10:59:21.085432,65.49019607843137,49.0
9BFZB55S5M8843911,2022-07-06 10:59:23.337881,72.94117647058823,48.0
9BFZB55S5M8843911,2022-07-06 10:59:25.649264,62.745098039215684,48.0
9BFZB55S5M8843911,2022-07-06 10:59:27.927382,58.8235294117647,48.0
9BFZB55S5M8843911,2022-07-06 10:59:30.266664,58.8235294117647,48.0
9BFZB55S5M8843911,2022-07-06 10:59:32.576356,49.01960784313726,49.0
9BFZB55S5M8843911,2022-07-06 10:59:34.836870,50.98039215686274,48.0
9BFZB55S5M8843911,2022-07-06 10:59:37.141501,57.254901960784316,48.0
9BFZB55S5M8843911,2022-07-06 10:59:39.455288,62.745098039215684,48.0
9BFZB55S5M8843911,2022-07-06 10:59:41.726191,58.8235294117647,48.0
9BFZB55S5M8843911,2022-07-06 10:59:44.064993,65.09803921568627,48.0
9BFZB55S5M8843911,2022-07-06 10:59:46.343348,52.94117647058823,48.0
9BFZB55S5M8843911,2022-07-06 10:59:48.662567,58.8235294117647,48.0
9BFZB55S5M8843911,2022-07-06 10:59:50.937023,60.78431372549019,48.0
9BFZB55S5M8843911,2022-07-06 10:59:53.248879,60.78431372549019,48.0
9BFZB55S5M8843911,2022-07-06 10:59:55.523117,50.98039215686274,48.0
9BFZB55S5M8843911,2022-07-06 10:59:57.867085,71.37254901960785,48.0
9BFZB55S5M8843911,2022-07-06 11:00:00.119062,58.8235294117647,48.0
9BFZB55S5M8843911,2022-07-06 11:00:02.436051,58.8235294117647,48.0
9BFZB55S5M8843911,2022-07-06 11:00:04.793461,68.62745098039215,48.0
9BFZB55S5M8843911,2022-07-06 11:00:07.048352,56.86274509803921,48.0
9BFZB55S5M8843911,2022-07-06 11:00:09.385459,68.23529411764706,48.0
9BFZB55S5M8843911,2022-07-06 11:00:11.664205,62.745098039215684,48.0
9BFZB55S5M8843911,2022-07-06 11:00:13.948798,65.49019607843137,48.0
9BHBG51DAEP106133,2022-07-06 09:04:51.701137,34.509803921568626,42.0
9BHBG51DAEP106133,2022-07-06 09:04:56.368465,34.509803921568626,42.0
9BHBG51DAEP106133,2022-07-06 09:05:03.305688,34.11764705882353,42.0
9BHBG51DAEP106133,2022-07-06 09:05:07.857889,34.11764705882353,42.0
9BHBG51DAEP106133,2022-07-06 09:05:14.712786,34.11764705882353,42.0
9BHBG51DAEP106133,2022-07-06 09:05:17.007218,34.11764705882353,42.0
9BHBG51DAEP106133,2022-07-06 09:05:19.315054,34.11764705882353,42.0
9BHBG51DAEP106133,2022-07-06 09:05:21.614620,34.11764705882353,42.0
9BHBG51DAEP106133,2022-07-06 09:05:23.957659,34.11764705882353,42.0
9BHBG51DAEP106133,2022-07-06 09:05:26.233725,34.11764705882353,42.0
9BHBG51DAEP106133,2022-07-06 09:05:33.123584,34.11764705882353,42.0
9BHBG51DAEP106133,2022-07-06 09:05:35.423189,34.11764705882353,42.0
9BHBG51DAEP106133,2022-07-06 09:05:37.706388,34.11764705882353,42.0
9BHBG51DAEP106133,2022-07-06 09:05:40.033422,34.11764705882353,42.0
9BHBG51DAEP106133,2022-07-06 09:05:42.365687,34.11764705882353,42.0
9BHBG51DAEP106133,2022-07-06 09:05:46.963864,33.72549019607843,42.0
9BHBG51DAEP106133,2022-07-06 09:05:49.235453,33.72549019607843,42.0
9BHBG51DAEP106133,2022-07-06 09:05:51.505166,33.72549019607843,42.0
9BHBG51DAEP106133,2022-07-06 09:05:53.805516,33.72549019607843,41.0
9BHBG51DAEP106133,2022-07-06 09:05:56.103096,33.72549019607843,42.0
9BHBG51DAEP106133,2022-07-06 09:05:58.414550,34.11764705882353,41.0
9BHBG51DAEP106133,2022-07-06 09:06:00.702867,34.11764705882353,41.0
9BHBG51DAEP106133,2022-07-06 09:06:03.016576,33.72549019607843,41.0
9BHBG51DAEP106133,2022-07-06 09:06:07.625117,33.72549019607843,41.0
9BHBG51DAEP106133,2022-07-06 09:06:09.906182,33.72549019607843,41.0
9BHBG51DAEP106133,2022-07-06 09:06:12.219422,33.72549019607843,41.0
9BHBG51DAEP106133,2022-07-06 09:06:14.524101,33.72549019607843,41.0
9BHBG51DAEP106133,2022-07-06 09:06:16.825514,33.72549019607843,41.0
9BHBG51DAEP106133,2022-07-06 09:06:19.102930,33.72549019607843,41.0
9BHBG51DAEP106133,2022-07-06 09:06:21.403481,33.72549019607843,41.0
9BHBG51DAEP106133,2022-07-06 09:06:23.714992,33.72549019607843,41.0
9BHBG51DAEP106133,2022-07-06 09:06:28.340034,33.72549019607843,41.0
9BHBG51DAEP106133,2022-07-06 09:06:30.634033,33.72549019607843,41.0
9BHBG51DAEP106133,2022-07-06 09:06:32.924890,33.72549019607843,41.0
9BHBG51DAEP106133,2022-07-06 09:06:35.217337,33.72549019607843,41.0
9BHBG51DAEP106133,2022-07-06 09:06:37.516194,33.72549019607843,41.0
9BHBG51DAEP106133,2022-07-06 09:06:39.806408,33.72549019607843,41.0
9BHBG51DAEP106133,2022-07-06 09:06:42.121102,33.72549019607843,41.0
9BHBG51DAEP106133,2022-07-06 09:06:44.416956,33.72549019607843,41.0
9BHBG51DAEP106133,2022-07-06 09:06:49.009605,33.72549019607843,41.0
9BHBG51DAEP106133,2022-07-06 09:06:51.315778,33.72549019607843,41.0
9BHBG51DAEP106133,2022-07-06 09:06:53.607926,33.72549019607843,41.0
9BHBG51DAEP106133,2022-07-06 09:06:55.916310,33.333333333333336,41.0
9BHBG51DAEP106133,2022-07-06 09:06:58.206529,33.333333333333336,41.0
9BHBG51DAEP106133,2022-07-06 09:07:00.516332,33.333333333333336,41.0
9BHBG51DAEP106133,2022-07-06 09:07:05.117135,33.333333333333336,41.0
9BHBG51DAEP106133,2022-07-06 09:07:07.417005,33.333333333333336,41.0
9BHBG51DAEP106133,2022-07-06 09:07:09.715855,33.333333333333336,41.0
9BHBG51DAEP106133,2022-07-06 09:07:12.005080,33.333333333333336,41.0
9BHBG51DAEP106133,2022-07-06 09:07:14.305246,33.333333333333336,41.0
9BHBG51DAEP106133,2022-07-06 09:07:16.605471,33.333333333333336,41.0
9BHBG51DAEP106133,2022-07-06 09:07:18.929657,33.333333333333336,41.0
9BHBG51DAEP106133,2022-07-06 09:07:21.226250,33.333333333333336,41.0
9BHBG51DAEP106133,2022-07-06 09:07:23.506555,33.333333333333336,41.0
9BHBG51DAEP106133,2022-07-06 09:07:25.809683,33.333333333333336,41.0
9BHBG51DAEP106133,2022-07-06 09:07:28.106907,33.333333333333336,41.0
9BHBG51DAEP106133,2022-07-06 09:07:30.406846,33.333333333333336,41.0
9BHBG51DAEP106133,2022-07-06 09:07:32.706372,33.333333333333336,41.0
9BHBG51DAEP106133,2022-07-06 09:07:35.007294,33.333333333333336,41.0
9BHBG51DAEP106133,2022-07-06 09:07:37.317277,33.333333333333336,41.0
9BHBG51DAEP106133,2022-07-06 09:07:39.615752,33.333333333333336,41.0
9BHBG51DAEP106133,2022-07-06 09:07:41.907268,33.333333333333336,41.0
9BHBG51DAEP106133,2022-07-06 09:07:44.217418,33.333333333333336,41.0
9BHBG51DAEP106133,2022-07-06 09:07:46.547900,33.333333333333336,41.0
9BHBG51DAEP106133,2022-07-06 09:07:48.819842,33.333333333333336,41.0
9BHBG51DAEP106133,2022-07-06 09:07:51.119777,33.333333333333336,41.0
9BHBG51DAEP106133,2022-07-06 09:07:53.417107,33.333333333333336,41.0
9BHBG51DAEP106133,2022-07-06 09:07:55.707741,33.333333333333336,41.0
9BHBG51DAEP106133,2022-07-06 09:07:58.007050,33.333333333333336,41.0
9BHBG51DAEP106133,2022-07-06 09:08:00.306960,33.333333333333336,41.0
9BHBG51DAEP106133,2022-07-06 09:08:02.606883,32.94117647058823,41.0
9BHBG51DAEP106133,2022-07-06 09:08:04.906362,32.94117647058823,41.0
9BHBG51DAEP106133,2022-07-06 09:08:09.538297,32.94117647058823,41.0
9BHBG51DAEP106133,2022-07-06 09:08:11.817431,32.94117647058823,41.0
9BHBG51DAEP106133,2022-07-06 09:08:14.106769,32.94117647058823,41.0
9BHBG51DAEP106133,2022-07-06 09:08:16.405734,32.94117647058823,41.0
9BHBG51DAEP106133,2022-07-06 09:08:18.708139,32.94117647058823,41.0
9BHBG51DAEP106133,2022-07-06 09:08:21.007717,32.94117647058823,41.0
9BHBG51DAEP106133,2022-07-06 09:08:23.314575,32.94117647058823,41.0
9BHBG51DAEP106133,2022-07-06 09:08:25.665072,32.94117647058823,41.0
9BHBG51DAEP106133,2022-07-06 09:08:28.004898,32.94117647058823,41.0
9BHBG51DAEP106133,2022-07-06 09:08:30.250147,32.94117647058823,41.0
9BHBG51DAEP106133,2022-07-06 09:08:32.504085,32.94117647058823,41.0
9BHBG51DAEP106133,2022-07-06 09:08:34.790923,32.94117647058823,41.0
9BHBG51DAEP106133,2022-07-06 09:08:37.107349,32.94117647058823,41.0
9BHBG51DAEP106133,2022-07-06 09:08:39.407377,32.94117647058823,41.0
9BHBG51DAEP106133,2022-07-06 09:08:41.707487,32.94117647058823,41.0
9BHBG51DAEP106133,2022-07-06 09:08:44.020525,32.94117647058823,39.0
9BHBG51DAEP106133,2022-07-06 09:08:46.330058,32.94117647058823,39.0
9BHBG51DAEP106133,2022-07-06 09:08:48.617369,32.94117647058823,39.0
9BHBG51DAEP106133,2022-07-06 09:08:50.913339,32.94117647058823,39.0
9BHBG51DAEP106133,2022-07-06 09:08:53.215753,32.94117647058823,39.0
9BHBG51DAEP106133,2022-07-06 09:08:55.507199,32.94117647058823,39.0
9BHBG51DAEP106133,2022-07-06 09:08:57.779322,32.94117647058823,39.0
9BHBG51DAEP106133,2022-07-06 09:09:00.180687,32.94117647058823,39.0
9BHBG51DAEP106133,2022-07-06 09:09:02.427029,32.94117647058823,39.0
9BHBG51DAEP106133,2022-07-06 09:09:04.707616,32.94117647058823,39.0
9BHBG51DAEP106133,2022-07-06 09:09:07.033833,32.94117647058823,39.0
9BHBG51DAEP106133,2022-07-06 09:09:09.324744,32.94117647058823,39.0
9BHBG51DAEP106133,2022-07-06 09:09:11.610898,32.549019607843135,39.0
9BHBG51DAEP106133,2022-07-06 09:09:13.933708,32.549019607843135,39.0
9BHBG51DAEP106133,2022-07-06 09:09:18.508853,32.94117647058823,39.0
9BHBG51DAEP106133,2022-07-06 09:09:20.833006,32.94117647058823,39.0
9BHBG51DAEP106133,2022-07-06 09:09:23.107937,32.549019607843135,39.0
9BHBG51DAEP106133,2022-07-06 09:09:25.404194,32.94117647058823,39.0
9BHBG51DAEP106133,2022-07-06 09:09:27.743853,34.11764705882353,39.0
9BHBG51DAEP106133,2022-07-06 09:09:30.059184,34.11764705882353,39.0
9BHBG51DAEP106133,2022-07-06 09:09:32.330261,34.11764705882353,39.0
9BHBG51DAEP106133,2022-07-06 09:09:34.639504,32.549019607843135,39.0
9BHBG51DAEP106133,2022-07-06 09:09:36.958056,32.94117647058823,39.0
9BHBG51DAEP106133,2022-07-06 09:09:43.821792,34.11764705882353,41.0
9BHBG51DAEP106133,2022-07-06 09:09:46.151695,34.11764705882353,41.0
9BHBG51DAEP106133,2022-07-06 09:09:48.408136,34.11764705882353,41.0
9BHBG51DAEP106133,2022-07-06 09:09:50.707373,33.72549019607843,41.0
9BHBG51DAEP106133,2022-07-06 09:09:53.044298,32.15686274509804,41.0
9BHBG51DAEP106133,2022-07-06 09:09:55.307925,30.980392156862745,41.0
9BHBG51DAEP106133,2022-07-06 09:09:57.627078,29.80392156862745,41.0
9BHBG51DAEP106133,2022-07-06 09:09:59.928004,29.80392156862745,41.0
9BHBG51DAEP106133,2022-07-06 09:10:02.220182,30.19607843137255,41.0
9BHBG51DAEP106133,2022-07-06 09:10:04.533083,30.19607843137255,41.0
9BHBG51DAEP106133,2022-07-06 09:10:06.849564,30.19607843137255,41.0
9BHBG51DAEP106133,2022-07-06 09:10:09.109759,30.19607843137255,41.0
9BHBG51DAEP106133,2022-07-06 09:10:11.451032,30.19607843137255,41.0
9BHBG51DAEP106133,2022-07-06 09:10:13.720327,30.19607843137255,41.0
9BHBG51DAEP106133,2022-07-06 09:10:16.088610,30.19607843137255,41.0
9BHBG51DAEP106133,2022-07-06 09:10:20.626955,30.19607843137255,41.0
9BHBG51DAEP106133,2022-07-06 09:10:22.910344,30.19607843137255,41.0
9BHBG51DAEP106133,2022-07-06 09:10:25.210219,30.58823529411765,41.0
9BHBG51DAEP106133,2022-07-06 09:10:27.577168,30.58823529411765,41.0
9BHBG51DAEP106133,2022-07-06 09:10:29.850559,30.58823529411765,41.0
9BHBG51DAEP106133,2022-07-06 09:10:32.146383,30.58823529411765,41.0
9BHBG51DAEP106133,2022-07-06 09:10:34.408912,30.58823529411765,41.0
9BHBG51DAEP106133,2022-07-06 09:10:36.743520,30.58823529411765,41.0
9BHBG51DAEP106133,2022-07-06 09:10:38.998332,30.58823529411765,41.0
9BHBG51DAEP106133,2022-07-06 09:10:41.310174,30.58823529411765,41.0
9BHBG51DAEP106133,2022-07-06 09:10:43.607565,30.58823529411765,41.0
9BHBG51DAEP106133,2022-07-06 09:10:45.926684,30.58823529411765,41.0
9BHBG51DAEP106133,2022-07-06 09:10:48.260293,30.58823529411765,41.0
9BHBG51DAEP106133,2022-07-06 09:10:50.575212,30.58823529411765,41.0
9BHBG51DAEP106133,2022-07-06 09:10:52.820063,30.58823529411765,41.0
9BHBG51DAEP106133,2022-07-06 09:10:55.109400,30.58823529411765,41.0
9BHBG51DAEP106133,2022-07-06 09:10:57.409551,30.980392156862745,41.0
9BHBG51DAEP106133,2022-07-06 09:11:01.998066,30.980392156862745,41.0
9BHBG51DAEP106133,2022-07-06 09:11:04.337142,30.980392156862745,41.0
9BHBG51DAEP106133,2022-07-06 09:11:08.937492,30.980392156862745,41.0
9BHBG51DAEP106133,2022-07-06 09:11:18.173070,30.980392156862745,41.0
9BHBG51DAEP106133,2022-07-06 09:11:20.436550,30.980392156862745,41.0
9BHBG51DAEP106133,2022-07-06 09:11:22.698837,30.980392156862745,41.0
9BHBG51DAEP106133,2022-07-06 09:11:24.998794,30.980392156862745,41.0
9BHBG51DAEP106133,2022-07-06 09:11:27.310987,30.980392156862745,41.0
9BHBG51DAEP106133,2022-07-06 09:11:29.599913,30.980392156862745,41.0
9BHBG51DAEP106133,2022-07-06 09:11:31.910738,30.980392156862745,41.0
9BHBG51DAEP106133,2022-07-06 09:11:34.208682,30.980392156862745,41.0
9BHBG51DAEP106133,2022-07-06 09:11:36.543915,30.980392156862745,41.0
9BHBG51DAEP106133,2022-07-06 09:11:38.810997,30.980392156862745,41.0
9BHBG51DAEP106133,2022-07-06 09:11:41.110936,30.980392156862745,41.0
9BHBG51DAEP106133,2022-07-06 09:11:43.408844,30.980392156862745,41.0
9BHBG51DAEP106133,2022-07-06 09:11:45.699409,30.980392156862745,41.0
9BHBG51DAEP106133,2022-07-06 09:11:48.000931,30.980392156862745,41.0
9BHBG51DAEP106133,2022-07-06 09:11:50.345376,31.372549019607842,41.0
9BHBG51DAEP106133,2022-07-06 09:11:52.649837,31.372549019607842,41.0
9BHBG51DAEP106133,2022-07-06 09:11:54.908749,31.372549019607842,41.0
9BHBG51DAEP106133,2022-07-06 09:11:57.210822,31.372549019607842,41.0
9BHBG51DAEP106133,2022-07-06 09:11:59.510178,31.372549019607842,41.0
9BHBG51DAEP106133,2022-07-06 09:12:01.798678,31.372549019607842,41.0
9BHBG51DAEP106133,2022-07-06 09:12:04.121387,31.372549019607842,41.0
9BHBG51DAEP106133,2022-07-06 09:12:06.418738,31.372549019607842,41.0
9BHBG51DAEP106133,2022-07-06 09:12:08.710958,31.372549019607842,41.0
9BHBG51DAEP106133,2022-07-06 09:12:11.030569,31.372549019607842,41.0
9BHBG51DAEP106133,2022-07-06 09:12:13.341495,31.372549019607842,41.0
9BHBG51DAEP106133,2022-07-06 09:12:15.621024,31.372549019607842,41.0
9BHBG51DAEP106133,2022-07-06 09:12:17.912175,31.372549019607842,41.0
9BHBG51DAEP106133,2022-07-06 09:12:20.202426,31.372549019607842,41.0
9BHBG51DAEP106133,2022-07-06 09:12:22.513696,31.372549019607842,41.0
9BHBG51DAEP106133,2022-07-06 09:12:24.814511,31.372549019607842,41.0
9BHBG51DAEP106133,2022-07-06 09:12:27.134553,31.372549019607842,41.0
9BHBG51DAEP106133,2022-07-06 09:12:29.421610,31.372549019607842,41.0
9BHBG51DAEP106133,2022-07-06 09:12:31.711056,31.372549019607842,41.0
9BHBG51DAEP106133,2022-07-06 09:12:34.001052,31.372549019607842,41.0
9BHBG51DAEP106133,2022-07-06 09:12:36.313353,31.372549019607842,41.0
9BHBG51DAEP106133,2022-07-06 09:12:38.605430,31.372549019607842,41.0
9BHBG51DAEP106133,2022-07-06 09:12:40.902351,31.372549019607842,41.0
9BHBG51DAEP106133,2022-07-06 09:12:43.223393,31.372549019607842,41.0
9BHBG51DAEP106133,2022-07-06 09:12:45.521427,31.372549019607842,41.0
9BHBG51DAEP106133,2022-07-06 09:12:47.812771,31.372549019607842,41.0
9BHBG51DAEP106133,2022-07-06 09:12:50.110824,31.764705882352942,41.0
9BHBG51DAEP106133,2022-07-06 09:12:52.400345,31.764705882352942,41.0
9BHBG51DAEP106133,2022-07-06 09:12:54.701980,31.764705882352942,41.0
9BHBG51DAEP106133,2022-07-06 09:12:57.017104,31.372549019607842,41.0
9BHBG51DAEP106133,2022-07-06 09:12:59.311210,31.372549019607842,41.0
9BHBG51DAEP106133,2022-07-06 09:13:01.599041,31.372549019607842,41.0
9BHBG51DAEP106133,2022-07-06 09:13:03.899845,31.372549019607842,41.0
9BHBG51DAEP106133,2022-07-06 09:13:06.228723,31.372549019607842,41.0
9BHBG51DAEP106133,2022-07-06 09:13:08.513383,31.372549019607842,41.0
9BHBG51DAEP106133,2022-07-06 09:13:10.802019,31.372549019607842,41.0
9BHBG51DAEP106133,2022-07-06 09:13:13.101720,31.372549019607842,42.0
9BHBG51DAEP106133,2022-07-06 09:13:15.402591,31.372549019607842,42.0
9BHBG51DAEP106133,2022-07-06 09:13:17.713239,31.372549019607842,42.0
9BHBG51DAEP106133,2022-07-06 09:13:20.010058,31.372549019607842,42.0
9BHBG51DAEP106133,2022-07-06 09:13:22.299942,31.372549019607842,42.0
9BHBG51DAEP106133,2022-07-06 09:13:24.601197,31.372549019607842,42.0
9BHBG51DAEP106133,2022-07-06 09:13:26.911773,31.764705882352942,42.0
9BHBG51DAEP106133,2022-07-06 09:13:29.203535,31.764705882352942,42.0
9BHBG51DAEP106133,2022-07-06 09:13:31.534247,31.764705882352942,42.0
9BHBG51DAEP106133,2022-07-06 09:13:33.828915,31.764705882352942,42.0
9BHBG51DAEP106133,2022-07-06 09:13:36.113488,31.764705882352942,42.0
9BHBG51DAEP106133,2022-07-06 09:13:38.402274,31.764705882352942,42.0
9BHBG51DAEP106133,2022-07-06 09:13:40.701668,31.764705882352942,42.0
9BHBG51DAEP106133,2022-07-06 09:13:43.001287,31.764705882352942,42.0
9BHBG51DAEP106133,2022-07-06 09:13:45.302170,32.94117647058823,42.0
9BHBG51DAEP106133,2022-07-06 09:13:47.624222,33.72549019607843,42.0
9BHBG51DAEP106133,2022-07-06 09:13:49.902314,34.11764705882353,42.0
9BHBG51DAEP106133,2022-07-06 09:13:52.215098,34.11764705882353,42.0
9BHBG51DAEP106133,2022-07-06 09:13:54.502266,34.11764705882353,42.0
9BHBG51DAEP106133,2022-07-06 09:13:56.832651,34.509803921568626,42.0
9BHBG51DAEP106133,2022-07-06 09:13:59.101577,34.509803921568626,42.0
9BHBG51DAEP106133,2022-07-06 09:14:03.744277,34.11764705882353,42.0
9BHBG51DAEP106133,2022-07-06 09:14:08.364088,33.72549019607843,42.0
9BHBG51DAEP106133,2022-07-06 09:14:15.203714,34.11764705882353,42.0
9BHBG51DAEP106133,2022-07-06 09:14:17.538599,34.11764705882353,42.0
9BHBG51DAEP106133,2022-07-06 09:14:19.883027,34.11764705882353,42.0
9BHBG51DAEP106133,2022-07-06 09:14:29.036805,34.11764705882353,44.0
9BHBG51DAEP106133,2022-07-06 12:00:59.962025,32.94117647058823,39.0
9BHBG51DAEP106133,2022-07-06 12:01:02.230286,32.94117647058823,39.0
9BHBG51DAEP106133,2022-07-06 12:01:09.096878,32.94117647058823,39.0
9BHBG51DAEP106133,2022-07-06 12:01:11.486130,32.94117647058823,39.0
9BHBG51DAEP106133,2022-07-06 12:01:13.700898,32.94117647058823,39.0
9BHBG51DAEP106133,2022-07-06 12:01:16.070234,33.333333333333336,39.0
9BHBG51DAEP106133,2022-07-06 12:01:18.292448,33.333333333333336,39.0
9BHBG51DAEP106133,2022-07-06 12:01:20.611902,33.333333333333336,39.0
9BHBG51DAEP106133,2022-07-06 12:01:25.174937,33.333333333333336,39.0
9BHBG51DAEP106133,2022-07-06 12:01:27.524033,33.333333333333336,39.0
9BHBG51DAEP106133,2022-07-06 12:01:32.091228,34.11764705882353,39.0
9BHBG51DAEP106133,2022-07-06 12:01:34.472281,34.11764705882353,39.0
9BHBG51DAEP106133,2022-07-06 12:01:36.682763,34.11764705882353,39.0
9BHBG51DAEP106133,2022-07-06 12:01:39.038407,34.11764705882353,39.0
9BHBG51DAEP106133,2022-07-06 12:01:43.589989,34.11764705882353,39.0
9BHBG51DAEP106133,2022-07-06 12:01:48.177712,34.11764705882353,39.0
9BHBG51DAEP106133,2022-07-06 12:01:50.555994,34.11764705882353,39.0
9BHBG51DAEP106133,2022-07-06 12:01:52.793166,34.11764705882353,39.0
9BHBG51DAEP106133,2022-07-06 12:01:57.387539,34.11764705882353,39.0
9BHBG51DAEP106133,2022-07-06 12:01:59.695469,34.11764705882353,39.0
9BHBG51DAEP106133,2022-07-06 12:02:02.026201,34.11764705882353,39.0
9BHBG51DAEP106133,2022-07-06 12:02:04.284220,34.11764705882353,39.0
9BHBG51DAEP106133,2022-07-06 12:02:06.579636,34.11764705882353,39.0
9BHBG51DAEP106133,2022-07-06 12:02:08.873061,34.11764705882353,39.0
9BHBG51DAEP106133,2022-07-06 12:02:11.172966,34.11764705882353,39.0
9BHBG51DAEP106133,2022-07-06 12:02:13.494449,34.11764705882353,39.0
9BHBG51DAEP106133,2022-07-06 12:02:15.798748,34.11764705882353,39.0
9BHBG51DAEP106133,2022-07-06 12:02:18.109105,34.11764705882353,41.0
9BHBG51DAEP106133,2022-07-06 12:02:20.413882,34.11764705882353,41.0
9BHBG51DAEP106133,2022-07-06 12:02:22.717899,34.11764705882353,41.0
9BHBG51DAEP106133,2022-07-06 12:02:25.003230,34.11764705882353,41.0
9BHBG51DAEP106133,2022-07-06 12:02:36.871161,34.11764705882353,41.0
9BHBG51DAEP106133,2022-07-06 12:02:45.692733,32.549019607843135,41.0
9BHBG51DAEP106133,2022-07-06 12:02:48.016052,32.549019607843135,41.0
9BHBG51DAEP106133,2022-07-06 12:02:54.871386,32.549019607843135,41.0
9BHBG51DAEP106133,2022-07-06 12:02:57.205822,32.15686274509804,41.0
9BHBG51DAEP106133,2022-07-06 12:02:59.551640,32.15686274509804,41.0
9BHBG51DAEP106133,2022-07-06 12:03:04.134599,32.15686274509804,41.0
9BHBG51DAEP106133,2022-07-06 12:03:08.704,32.549019607843135,41.0
9BHBG51DAEP106133,2022-07-06 12:03:13.273282,32.549019607843135,41.0
9BHBG51DAEP106133,2022-07-06 12:03:17.876649,32.549019607843135,41.0
9BHBG51DAEP106133,2022-07-06 12:03:20.226756,32.549019607843135,41.0
9BHBG51DAEP106133,2022-07-06 12:03:24.774918,32.549019607843135,41.0
9BHBG51DAEP106133,2022-07-06 12:03:27.128852,32.549019607843135,41.0
9BHBG51DAEP106133,2022-07-06 12:03:33.964848,32.15686274509804,41.0
9BHBG51DAEP106133,2022-07-06 12:03:36.293116,32.15686274509804,41.0
9BHBG51DAEP106133,2022-07-06 12:03:38.672555,32.15686274509804,41.0
9BHBG51DAEP106133,2022-07-06 12:03:40.881904,32.15686274509804,41.0
9BHBG51DAEP106133,2022-07-06 12:03:43.219080,32.15686274509804,41.0
9BHBG51DAEP106133,2022-07-06 12:03:45.543172,32.15686274509804,41.0
9BHBG51DAEP106133,2022-07-06 12:03:47.809419,32.15686274509804,41.0
9BHBG51DAEP106133,2022-07-06 12:03:52.374244,32.15686274509804,41.0
9BHBG51DAEP106133,2022-07-06 12:49:00.668778,29.41176470588235,54.0
9BHBG51DAEP106133,2022-07-06 12:49:05.134447,29.019607843137255,54.0
9BHBG51DAEP106133,2022-07-06 12:49:09.746342,29.41176470588235,54.0
9BHBG51DAEP106133,2022-07-06 12:49:16.670912,27.84313725490196,54.0
9BHBG51DAEP106133,2022-07-06 12:49:21.256583,27.84313725490196,54.0
9BHBG51DAEP106133,2022-07-06 12:49:25.863962,28.235294117647058,54.0
9BHBG51DAEP106133,2022-07-06 12:49:28.209567,28.235294117647058,54.0
9BHBG51DAEP106133,2022-07-06 12:49:32.765660,28.235294117647058,54.0
9BHBG51DAEP106133,2022-07-06 12:49:35.073863,28.235294117647058,54.0
9BHBG51DAEP106133,2022-07-06 12:49:39.689008,28.235294117647058,54.0
9BHBG51DAEP106133,2022-07-06 12:49:44.268629,28.627450980392158,54.0
9BHBG51DAEP106133,2022-07-06 12:49:46.590704,29.80392156862745,54.0
9BHBG51DAEP106133,2022-07-06 12:49:51.122878,29.80392156862745,54.0
9BHBG51DAEP106133,2022-07-06 12:49:53.461493,29.80392156862745,54.0
9BHBG51DAEP106133,2022-07-06 12:49:55.814454,29.80392156862745,54.0
9BHBG51DAEP106133,2022-07-06 12:50:00.418399,29.80392156862745,54.0
9BHBG51DAEP106133,2022-07-06 12:50:02.637402,29.80392156862745,54.0
9BHBG51DAEP106133,2022-07-06 12:50:04.963342,29.80392156862745,54.0
9BHBG51DAEP106133,2022-07-06 12:50:09.619814,29.80392156862745,54.0
9BHBG51DAEP106133,2022-07-06 12:50:14.131902,29.80392156862745,54.0
9BHBG51DAEP106133,2022-07-06 12:50:16.493089,29.80392156862745,54.0
9BHBG51DAEP106133,2022-07-06 12:50:18.837843,29.80392156862745,54.0
9BHBG51DAEP106133,2022-07-06 12:50:21.052178,30.19607843137255,54.0
9BHBG51DAEP106133,2022-07-06 12:50:23.401059,30.19607843137255,54.0
9BHBG51DAEP106133,2022-07-06 12:50:25.622916,30.19607843137255,54.0
9BHBG51DAEP106133,2022-07-06 12:50:27.931972,30.19607843137255,54.0
9BHBG51DAEP106133,2022-07-06 12:50:30.217713,30.19607843137255,54.0
9BHBG51DAEP106133,2022-07-06 12:50:32.533361,30.19607843137255,54.0
9BHBG51DAEP106133,2022-07-06 12:50:34.925322,30.19607843137255,54.0
9BHBG51DAEP106133,2022-07-06 12:50:37.124094,30.58823529411765,54.0
9BHBG51DAEP106133,2022-07-06 12:50:39.478531,29.80392156862745,54.0
9BHBG51DAEP106133,2022-07-06 12:50:44.034217,29.80392156862745,54.0
9BHBG51DAEP106133,2022-07-06 12:50:48.628256,29.80392156862745,54.0
9BHBG51DAEP106133,2022-07-06 12:50:50.957751,29.80392156862745,54.0
9BHBG51DAEP106133,2022-07-06 12:50:53.263136,29.80392156862745,54.0
9BHBG51DAEP106133,2022-07-06 12:50:55.583498,29.80392156862745,54.0
9BHBG51DAEP106133,2022-07-06 12:51:02.488869,29.80392156862745,54.0
9BHBG51DAEP106133,2022-07-06 12:51:07.051050,29.80392156862745,54.0
9BHBG51DAEP106133,2022-07-06 12:51:13.941879,29.80392156862745,54.0
9BHBG51DAEP106133,2022-07-06 12:51:16.235139,29.80392156862745,54.0
9BHBG51DAEP106133,2022-07-06 12:51:20.852586,30.19607843137255,54.0
9BHBG51DAEP106133,2022-07-06 12:51:23.177283,30.19607843137255,54.0
9BHBG51DAEP106133,2022-07-06 12:51:25.504463,30.19607843137255,54.0
9BHBG51DAEP106133,2022-07-06 12:51:27.743567,30.19607843137255,54.0
9BHBG51DAEP106133,2022-07-06 12:51:32.328852,30.19607843137255,54.0
9BHBG51DAEP106133,2022-07-06 12:51:36.940886,31.764705882352942,54.0
9BHBG51DAEP106133,2022-07-06 12:51:39.265185,33.333333333333336,54.0
9BHBG51DAEP106133,2022-07-06 12:51:43.836274,34.11764705882353,54.0
9BHBG51DAEP106133,2022-07-06 12:51:46.154890,33.333333333333336,54.0
9BHBG51DAEP106133,2022-07-06 12:51:48.488213,32.94117647058823,54.0
9BHBG51DAEP106133,2022-07-06 12:51:50.807235,32.94117647058823,54.0
9BHBG51DAEP106133,2022-07-06 12:51:55.337460,34.11764705882353,54.0
9BHBG51DAEP106133,2022-07-06 12:51:57.646292,34.11764705882353,54.0
9BHBG51DAEP106133,2022-07-06 12:51:59.984768,32.549019607843135,54.0
9BHBG51DAEP106133,2022-07-06 12:52:02.299884,32.549019607843135,54.0
9BHBG51DAEP106133,2022-07-06 12:52:04.608335,32.94117647058823,54.0
9BHBG51DAEP106133,2022-07-06 12:52:06.839997,32.549019607843135,54.0
9BHBG51DAEP106133,2022-07-06 12:52:09.164806,32.549019607843135,54.0
9BHBG51DAEP106133,2022-07-06 12:52:11.519438,32.549019607843135,54.0
9BHBG51DAEP106133,2022-07-06 12:52:13.725380,32.549019607843135,54.0
9BHBG51DAEP106133,2022-07-06 12:52:16.061211,32.549019607843135,54.0
9BHBG51DAEP106133,2022-07-06 12:52:18.391659,32.549019607843135,54.0
9BHBG51DAEP106133,2022-07-06 12:52:20.716813,32.94117647058823,54.0
9BHBG51DAEP106133,2022-07-06 12:52:22.920257,32.94117647058823,54.0
9BHBG51DAEP106133,2022-07-06 12:52:25.247466,32.94117647058823,54.0
9BHBG51DAEP106133,2022-07-06 12:52:29.819481,32.549019607843135,54.0
9BHBG51DAEP106133,2022-07-06 12:52:34.439137,32.549019607843135,54.0
9BHBG51DAEP106133,2022-07-06 12:52:36.735543,32.549019607843135,54.0
9BHBG51DAEP106133,2022-07-06 12:52:39.102729,32.549019607843135,54.0
9BHBG51DAEP106133,2022-07-06 12:52:41.327483,32.94117647058823,54.0
9BHBG51DAEP106133,2022-07-06 12:52:43.710115,32.94117647058823,54.0
9BHBG51DAEP106133,2022-07-06 12:52:45.951700,32.94117647058823,54.0
9BHBG51DAEP106133,2022-07-06 12:52:48.274942,32.94117647058823,54.0
9BHBG51DAEP106133,2022-07-06 12:52:52.838974,32.94117647058823,54.0
9BHBG51DAEP106133,2022-07-06 12:52:55.164193,33.72549019607843,54.0
9BHBG51DAEP106133,2022-07-06 12:52:57.488615,34.11764705882353,54.0
9BHBG51DAEP106133,2022-07-06 12:53:02.047102,34.11764705882353,54.0
9BHBG51DAEP106133,2022-07-06 12:53:06.633293,34.11764705882353,54.0
9BHBG51DAEP106133,2022-07-06 12:53:08.933435,32.94117647058823,54.0
9BHBG51DAEP106133,2022-07-06 12:53:11.234310,32.94117647058823,54.0
9BHBG51DAEP106133,2022-07-06 12:53:13.530563,32.94117647058823,54.0
9BHBG51DAEP106133,2022-07-06 12:53:15.831012,32.94117647058823,54.0
9BHBG51DAEP106133,2022-07-06 12:53:18.126339,32.94117647058823,54.0
9BHBG51DAEP106133,2022-07-06 12:53:20.424226,32.94117647058823,54.0
9BHBG51DAEP106133,2022-07-06 12:53:22.731019,32.94117647058823,54.0
9BHBG51DAEP106133,2022-07-06 12:53:25.034334,32.94117647058823,54.0
9BHBG51DAEP106133,2022-07-06 12:53:27.331621,32.94117647058823,54.0
9BHBG51DAEP106133,2022-07-06 12:53:29.701886,32.549019607843135,54.0
9BHBG51DAEP106133,2022-07-06 12:54:15.748888,30.58823529411765,54.0
9BHBG51DAEP106133,2022-07-06 12:54:32.101810,30.58823529411765,54.0
9BHBG51DAEP106133,2022-07-06 12:54:59.696735,30.58823529411765,56.0
9BHBG51DAEP106133,2022-07-06 12:55:04.407074,30.58823529411765,56.0
9BHBG51DAEP106133,2022-07-06 12:55:22.477026,30.58823529411765,56.0
9BHBG51DAEP106133,2022-07-06 12:55:40.822118,30.980392156862745,56.0
9BHBG51DAEP106133,2022-07-06 12:55:43.032389,30.980392156862745,56.0
9BHBG51DAEP106133,2022-07-06 12:55:45.359447,30.980392156862745,56.0
9BHBG51DAEP106133,2022-07-06 12:55:47.676749,30.980392156862745,56.0
9BHBG51DAEP106133,2022-07-06 12:55:52.248436,30.980392156862745,56.0
9BHBG51DAEP106133,2022-07-06 12:55:54.607267,30.980392156862745,56.0
9BHBG51DAEP106133,2022-07-06 12:55:56.832623,30.980392156862745,56.0
9BHBG51DAEP106133,2022-07-06 12:55:59.160260,30.980392156862745,56.0
9BHBG51DAEP106133,2022-07-06 12:56:03.735027,30.980392156862745,56.0
9BHBG51DAEP106133,2022-07-06 12:56:10.651633,30.980392156862745,56.0
9BHBG51DAEP106133,2022-07-06 12:56:15.251739,30.980392156862745,56.0
9BHBG51DAEP106133,2022-07-06 12:56:17.569041,30.980392156862745,56.0
9BHBG51DAEP106133,2022-07-06 12:56:22.136108,30.980392156862745,56.0
9BHBG51DAEP106133,2022-07-06 12:56:24.479891,30.980392156862745,56.0
9BHBG51DAEP106133,2022-07-06 12:56:26.793007,30.980392156862745,56.0
9BHBG51DAEP106133,2022-07-06 12:56:29.103100,30.980392156862745,56.0
9BHBG51DAEP106133,2022-07-06 12:56:33.621550,30.980392156862745,56.0
9BHBG51DAEP106133,2022-07-06 12:56:38.239035,31.372549019607842,56.0
9BHBG51DAEP106133,2022-07-06 12:56:40.562520,31.372549019607842,56.0
9BHBG51DAEP106133,2022-07-06 12:56:42.824455,31.372549019607842,56.0
9BHBG51DAEP106133,2022-07-06 12:56:45.151076,31.372549019607842,56.0
9BHBG51DAEP106133,2022-07-06 12:56:47.455666,31.372549019607842,56.0
9BHBG51DAEP106133,2022-07-06 12:56:49.751136,31.372549019607842,56.0
9BHBG51DAEP106133,2022-07-06 12:56:52.082158,31.372549019607842,56.0
9BHBG51DAEP106133,2022-07-06 12:56:54.349047,31.372549019607842,56.0
9BHBG51DAEP106133,2022-07-06 12:56:56.636463,31.372549019607842,56.0
9BHBG51DAEP106133,2022-07-06 12:56:58.926517,31.372549019607842,56.0
9BHBG51DAEP106133,2022-07-06 12:57:01.231190,31.372549019607842,56.0
9BHBG51DAEP106133,2022-07-06 12:57:03.539691,31.372549019607842,56.0
9BHBG51DAEP106133,2022-07-06 12:57:05.838146,31.372549019607842,56.0
9BHBG51DAEP106133,2022-07-06 12:57:08.164672,31.372549019607842,56.0
9BHBG51DAEP106133,2022-07-06 12:57:29.305282,31.764705882352942,56.0
9BHBG51DAEP106133,2022-07-06 12:57:31.559489,31.764705882352942,56.0
9BHBG51DAEP106133,2022-07-06 12:57:47.599899,31.764705882352942,57.0
9BHBG51DAEP106133,2022-07-06 12:58:26.585023,,57.0
9BHBG51DAEP106133,2022-07-06 12:58:29.056069,31.372549019607842,57.0
9BHBG51DAEP106133,2022-07-06 12:58:31.337105,31.372549019607842,59.0
9BHBG51DAEP106133,2022-07-06 12:58:37.834853,33.333333333333336,59.0
9BHBG51DAEP106133,2022-07-06 12:58:42.467621,33.72549019607843,59.0
9BHBG51DAEP106133,2022-07-06 12:58:44.778504,33.72549019607843,59.0
9BHBG51DAEP106133,2022-07-06 12:58:47.121325,33.72549019607843,59.0
9BHBG51DAEP106133,2022-07-06 12:58:49.345058,33.72549019607843,59.0
9BHBG51DAEP106133,2022-07-06 12:58:53.940510,34.11764705882353,59.0
9BHBG51DAEP106133,2022-07-06 12:58:56.248090,34.11764705882353,59.0
9BHBG51DAEP106133,2022-07-06 12:58:58.565811,33.72549019607843,59.0
9BHBG51DAEP106133,2022-07-06 16:44:56.067877,34.11764705882353,47.0
9BHBG51DAEP106133,2022-07-06 16:44:58.455957,34.11764705882353,47.0
9BHBG51DAEP106133,2022-07-06 16:45:00.651569,34.11764705882353,47.0
9BHBG51DAEP106133,2022-07-06 16:45:02.949357,34.11764705882353,47.0
9BHBG51DAEP106133,2022-07-06 16:45:05.259866,34.11764705882353,47.0
9BHBG51DAEP106133,2022-07-06 16:45:07.578574,34.11764705882353,47.0
9BHBG51DAEP106133,2022-07-06 16:45:09.867104,34.11764705882353,47.0
9BHBG51DAEP106133,2022-07-06 16:45:12.142486,34.11764705882353,47.0
9BHBG51DAEP106133,2022-07-06 16:45:14.451087,34.11764705882353,47.0
9BHBG51DAEP106133,2022-07-06 16:45:16.765267,34.11764705882353,47.0
9BHBG51DAEP106133,2022-07-06 16:45:19.101581,32.549019607843135,47.0
9BHBG51DAEP106133,2022-07-06 16:45:21.432605,32.549019607843135,47.0
9BHBG51DAEP106133,2022-07-06 16:45:25.965462,32.549019607843135,47.0
9BHBG51DAEP106133,2022-07-06 16:45:28.308933,32.549019607843135,47.0
9BHBG51DAEP106133,2022-07-06 16:45:30.621639,32.549019607843135,47.0
9BHBG51DAEP106133,2022-07-06 16:45:32.899349,32.15686274509804,47.0
9BHBG51DAEP106133,2022-07-06 16:45:37.472058,32.549019607843135,47.0
9BHBG51DAEP106133,2022-07-06 16:45:39.813937,32.15686274509804,47.0
9BHBG51DAEP106133,2022-07-06 16:45:44.356906,32.15686274509804,47.0
9BHBG51DAEP106133,2022-07-06 16:45:46.687343,32.15686274509804,47.0
9BHBG51DAEP106133,2022-07-06 16:45:48.957911,32.549019607843135,47.0
9BHBG51DAEP106133,2022-07-06 16:45:51.265697,32.15686274509804,47.0
9BHBG51DAEP106133,2022-07-06 16:45:53.602050,32.15686274509804,47.0
9BHBG51DAEP106133,2022-07-06 16:45:55.866374,32.15686274509804,47.0
9BHBG51DAEP106133,2022-07-06 16:45:58.201631,32.15686274509804,47.0
9BHBG51DAEP106133,2022-07-06 16:46:00.457852,32.15686274509804,47.0
9BHBG51DAEP106133,2022-07-06 16:46:02.792499,32.15686274509804,47.0
9BHBG51DAEP106133,2022-07-06 16:46:05.114953,32.15686274509804,47.0
9BHBG51DAEP106133,2022-07-06 16:46:07.437892,32.15686274509804,47.0
9BHBG51DAEP106133,2022-07-06 16:46:24.320766,32.15686274509804,47.0
9BHBG51DAEP106133,2022-07-06 16:46:51.949849,32.94117647058823,48.0
9BHBG51DAEP106133,2022-07-06 16:46:54.011975,33.72549019607843,48.0
9BHBG51DAEP106133,2022-07-06 16:47:05.694599,33.72549019607843,48.0
9BHBG51DAEP106133,2022-07-06 16:47:12.669804,32.549019607843135,48.0
9BHBG51DAEP106133,2022-07-06 16:47:19.951419,32.549019607843135,48.0
9BHBG51DAEP106133,2022-07-06 16:47:26.208469,32.15686274509804,48.0
9BHBG51DAEP106133,2022-07-06 16:47:46.503833,32.15686274509804,47.0
9BHBG51DAEP106133,2022-07-06 16:47:51.041682,32.15686274509804,48.0
9BHBG51DAEP106133,2022-07-06 16:47:55.645523,32.15686274509804,48.0
9BHBG51DAEP106133,2022-07-06 16:47:58.006601,32.15686274509804,48.0
9BHBG51DAEP106133,2022-07-06 16:48:00.328251,31.764705882352942,48.0
9BHBG51DAEP106133,2022-07-06 16:48:02.528437,31.764705882352942,48.0
9BHBG51DAEP106133,2022-07-06 16:48:04.858054,31.764705882352942,48.0
9BHBG51DAEP106133,2022-07-06 16:48:07.120664,31.764705882352942,48.0
9BHBG51DAEP106133,2022-07-06 16:48:09.461156,31.764705882352942,48.0
9BHBG51DAEP106133,2022-07-06 16:48:11.809888,31.764705882352942,48.0
9BHBG51DAEP106133,2022-07-06 16:48:14.108912,31.764705882352942,48.0
9BHBG51DAEP106133,2022-07-06 16:48:16.362476,31.764705882352942,48.0
9BHBG51DAEP106133,2022-07-06 16:48:18.682395,31.764705882352942,48.0
9BHBG51DAEP106133,2022-07-06 16:48:21.007155,31.764705882352942,48.0
9BHBG51DAEP106133,2022-07-06 16:48:25.532739,31.764705882352942,48.0
9BHBG51DAEP106133,2022-07-06 16:48:27.840701,31.764705882352942,48.0
9BHBG51DAEP106133,2022-07-06 16:48:30.198434,31.764705882352942,47.0
9BHBG51DAEP106133,2022-07-06 16:48:34.714318,31.764705882352942,47.0
9BHBG51DAEP106133,2022-07-06 16:48:37.035155,31.764705882352942,47.0
9BHBG51DAEP106133,2022-07-06 16:48:39.369051,31.764705882352942,47.0
9BHBG51DAEP106133,2022-07-06 16:48:41.705730,31.764705882352942,47.0
9BHBG51DAEP106133,2022-07-06 16:48:43.998421,31.764705882352942,47.0
9BHBG51DAEP106133,2022-07-06 16:48:56.112838,31.764705882352942,47.0
9BHBG51DAEP106133,2022-07-06 16:49:32.649374,,48.0
9BHBG51DAEP106133,2022-07-06 16:49:41.720535,32.15686274509804,48.0
9BHBG51DAEP106133,2022-07-06 16:49:45.958912,32.15686274509804,48.0
9BHBG51DAEP106133,2022-07-06 16:49:55.365370,31.764705882352942,47.0
9BHBG51DAEP106133,2022-07-06 16:50:01.325040,31.764705882352942,45.0
9BHBG51DAEP106133,2022-07-06 16:50:22.680871,31.764705882352942,47.0
9BHBG51DAEP106133,2022-07-06 16:50:29.276604,31.764705882352942,47.0
9BHBG51DAEP106133,2022-07-06 16:51:01.542144,31.372549019607842,45.0
9BHBG51DAEP106133,2022-07-06 16:51:03.930208,,45.0
9BHBG51DAEP106133,2022-07-06 16:51:15.498128,30.980392156862745,45.0
9BHBG51DAEP106133,2022-07-06 16:51:36.627230,30.58823529411765,45.0
9BHBG51DAEP106133,2022-07-06 16:51:44.658112,30.58823529411765,45.0
9BHBG51DAEP106133,2022-07-06 16:51:54.903569,30.58823529411765,45.0
9BHBG51DAEP106133,2022-07-06 16:52:18.509681,30.19607843137255,45.0
9BHBG51DAEP106133,2022-07-06 16:52:22.645412,30.19607843137255,45.0
9BHBG51DAEP106133,2022-07-06 16:52:32.969603,29.80392156862745,45.0
9BHBG51DAEP106133,2022-07-06 16:52:47.939976,30.19607843137255,47.0
9BHBG51DAEP106133,2022-07-06 16:53:00.366670,29.80392156862745,47.0
9BHBG51DAEP106133,2022-07-06 16:53:04.733596,29.80392156862745,47.0
9BHBG51DAEP106133,2022-07-06 16:53:08.898936,29.80392156862745,47.0
9BHBG51DAEP106133,2022-07-06 16:53:29.065863,29.80392156862745,47.0
9BHBG51DAEP106133,2022-07-06 16:53:33.356930,29.80392156862745,47.0
9BHBG51DAEP106133,2022-07-06 16:53:35.270214,29.80392156862745,47.0
9BHBG51DAEP106133,2022-07-06 16:53:37.729538,29.80392156862745,47.0
9BHBG51DAEP106133,2022-07-06 16:54:35.741143,29.41176470588235,48.0
9BHBG51DAEP106133,2022-07-06 16:54:43.499548,29.41176470588235,48.0
9BHBG51DAEP106133,2022-07-06 16:54:49.401214,29.41176470588235,48.0
9BHBG51DAEP106133,2022-07-06 16:54:57.711062,29.41176470588235,48.0
9BHBG51DAEP106133,2022-07-06 16:55:06.575358,29.41176470588235,48.0
9BHBG51DAEP106133,2022-07-06 16:55:15.519548,29.41176470588235,48.0
9BHBG51DAEP106133,2022-07-06 16:55:29.990492,29.41176470588235,48.0
9BHBG51DAEP106133,2022-07-06 16:55:36.911277,29.41176470588235,48.0
9BHBG51DAEP106133,2022-07-06 16:55:46.097531,29.019607843137255,48.0
9BHBG51DAEP106133,2022-07-06 16:55:51.111247,29.019607843137255,48.0
9BHBG51DAEP106133,2022-07-06 16:55:59.851953,29.019607843137255,49.0
9BHBG51DAEP106133,2022-07-06 16:57:40.773227,,51.0
9BHBG51DAEP106133,2022-07-06 16:58:10.613961,28.627450980392158,52.0
9BHBG51DAEP106133,2022-07-06 16:58:44.081964,28.235294117647058,51.0
9BHBG51DAEP106133,2022-07-06 16:58:51.695744,27.84313725490196,51.0
9BHBG51DAEP106133,2022-07-06 16:59:03.117250,27.84313725490196,51.0
9BHBG51DAEP106133,2022-07-06 16:59:17.939864,27.45098039215686,51.0
9BHBG51DAEP106133,2022-07-06 16:59:22.973108,27.45098039215686,49.0
9BHBG51DAEP106133,2022-07-06 16:59:28.653385,27.058823529411764,49.0
9BHBG51DAEP106133,2022-07-06 16:59:42.104584,27.058823529411764,49.0
9BHBG51DAEP106133,2022-07-06 16:59:58.304647,26.666666666666668,49.0
9BHBG51DAEP106133,2022-07-06 17:00:22.672221,26.666666666666668,49.0
9BHBG51DAEP106133,2022-07-06 17:00:50.347680,26.666666666666668,48.0
9BHBG51DAEP106133,2022-07-06 17:00:55.738606,26.666666666666668,49.0
9BHBG51DAEP106133,2022-07-06 17:01:27.322062,26.274509803921568,48.0
9BHBG51DAEP106133,2022-07-06 17:01:34.940014,25.88235294117647,48.0
9BHBG51DAEP106133,2022-07-06 17:02:01.470269,26.274509803921568,48.0
9BHBG51DAEP106133,2022-07-06 17:02:10.130198,25.88235294117647,48.0
9BHBG51DAEP106133,2022-07-06 17:02:14.993064,25.88235294117647,48.0
9BHBG51DAEP106133,2022-07-06 17:02:16.964560,,48.0
9BHBG51DAEP106133,2022-07-06 17:02:22.108254,25.49019607843137,48.0
9BHBG51DAEP106133,2022-07-06 17:02:27.842508,25.49019607843137,49.0
9BHBG51DAEP106133,2022-07-06 17:02:34.974027,25.49019607843137,49.0
9BHBG51DAEP106133,2022-07-06 17:02:47.801163,25.49019607843137,48.0
9BHBG51DAEP106133,2022-07-06 17:03:10.328501,25.098039215686274,48.0
9BHBG51DAEP106133,2022-07-06 17:03:27.112120,24.705882352941178,48.0
9BHBG51DAEP106133,2022-07-06 17:03:44.837794,25.098039215686274,48.0
9BHBG51DAEP106133,2022-07-06 17:03:49.151750,,48.0
9BHBG51DAEP106133,2022-07-06 17:03:57.212936,24.313725490196077,48.0
9BHBG51DAEP106133,2022-07-06 17:03:59.311294,24.313725490196077,48.0
9BHBG51DAEP106133,2022-07-06 17:04:14.214804,24.313725490196077,47.0
9BHBG51DAEP106133,2022-07-06 17:04:29.712054,23.92156862745098,48.0
9BHBG51DAEP106133,2022-07-06 17:04:40.394195,23.92156862745098,48.0
9BHBG51DAEP106133,2022-07-06 17:04:47.714312,23.92156862745098,48.0
9BHBG51DAEP106133,2022-07-06 17:04:54.612269,24.313725490196077,48.0
9BHBG51DAEP106133,2022-07-06 17:05:33.722902,28.627450980392158,54.0
9BHBG51DAEP106133,2022-07-06 17:05:45.228093,29.019607843137255,54.0
9BHBG51DAEP106133,2022-07-06 17:07:05.482815,29.019607843137255,59.0
9BHBG51DAEP106133,2022-07-06 17:07:18.946158,30.19607843137255,59.0
9BHBG51DAEP106133,2022-07-06 17:07:35.959561,29.80392156862745,56.0
9BHBG51DAEP106133,2022-07-06 17:07:50.860730,29.41176470588235,54.0
9BHBG51DAEP106133,2022-07-06 17:08:00.141255,29.41176470588235,54.0
9BHBG51DAEP106133,2022-07-06 17:08:04.274050,29.41176470588235,54.0
9BHBG51DAEP106133,2022-07-06 17:08:06.553253,29.41176470588235,54.0
9BHBG51DAEP106133,2022-07-06 17:08:08.887642,29.41176470588235,54.0
9BHBG51DAEP106133,2022-07-06 17:08:11.201016,29.41176470588235,54.0
9BHBG51DAEP106133,2022-07-06 17:08:13.550104,29.41176470588235,54.0
9BHBG51DAEP106133,2022-07-06 17:08:15.744300,29.019607843137255,54.0
9BHBG51DAEP106133,2022-07-06 17:08:18.074053,29.41176470588235,54.0
9BHBG51DAEP106133,2022-07-06 17:08:20.409661,29.41176470588235,54.0
9BHBG51DAEP106133,2022-07-06 17:08:22.736403,29.019607843137255,54.0
9BHBG51DAEP106133,2022-07-06 17:08:25.026669,29.019607843137255,54.0
9BHBG51DAEP106133,2022-07-06 17:08:29.545595,29.019607843137255,52.0
9BHBG51DAEP106133,2022-07-06 17:08:31.884383,29.019607843137255,52.0
9BHBG51DAEP106133,2022-07-06 17:08:34.181621,29.019607843137255,51.0
9BHBG51DAEP106133,2022-07-06 17:08:36.496863,29.019607843137255,51.0
9BHBG51DAEP106133,2022-07-06 17:08:38.816937,29.019607843137255,51.0
9BHBG51DAEP106133,2022-07-06 17:08:41.073094,29.019607843137255,51.0
9BHBG51DAEP106133,2022-07-06 17:08:43.367499,29.019607843137255,51.0
9BHBG51DAEP106133,2022-07-06 17:08:45.676786,28.627450980392158,49.0
9BHBG51DAEP106133,2022-07-06 17:08:50.255613,28.627450980392158,49.0
9BHBG51DAEP106133,2022-07-06 17:08:52.602206,28.627450980392158,49.0
9BHBG51DAEP106133,2022-07-06 17:08:54.917137,28.627450980392158,49.0
9BHBG51DAEP106133,2022-07-06 17:08:57.228421,28.627450980392158,48.0
9BHBG51DAEP106133,2022-07-06 17:09:01.756829,28.627450980392158,48.0
9BHBG51DAEP106133,2022-07-06 17:09:04.069065,28.627450980392158,48.0
9BHBG51DAEP106133,2022-07-06 17:09:06.369677,28.627450980392158,48.0
9BHBG51DAEP106133,2022-07-06 17:09:08.688570,28.627450980392158,49.0
9BHBG51DAEP106133,2022-07-06 17:09:10.952021,28.627450980392158,49.0
9BHBG51DAEP106133,2022-07-06 17:09:13.259505,28.627450980392158,49.0
9BHBG51DAEP106133,2022-07-06 17:09:15.599579,28.627450980392158,48.0
9BHBG51DAEP106133,2022-07-06 17:09:17.877788,28.235294117647058,48.0
9BHBG51DAEP106133,2022-07-06 17:09:20.217615,28.627450980392158,48.0
9BHBG51DAEP106133,2022-07-06 17:09:24.739276,28.627450980392158,48.0
9BHBG51DAEP106133,2022-07-06 17:09:27.086508,28.627450980392158,48.0
9BHBG51DAEP106133,2022-07-06 17:09:45.802593,28.235294117647058,48.0
9BHBG51DAEP106133,2022-07-06 17:10:20.064087,27.058823529411764,48.0
9BHBG51DAEP106133,2022-07-06 17:13:40.166903,26.274509803921568,48.0
9BHBG51DAEP106133,2022-07-06 17:13:44.729742,26.274509803921568,48.0
9BHBG51DAEP106133,2022-07-06 17:14:05.467878,25.49019607843137,47.0
9BHBG51DAEP106133,2022-07-06 17:14:10.026841,25.88235294117647,47.0
9BHBG51DAEP106133,2022-07-06 17:14:27.218168,25.88235294117647,47.0
9BHBG51DAEP106133,2022-07-06 17:14:34.963759,25.88235294117647,47.0
9BHBG51DAEP106133,2022-07-06 17:14:45.064257,25.88235294117647,47.0
9BHBG51DAEP106133,2022-07-06 17:14:57.981850,,48.0
9BHBG51DAEP106133,2022-07-06 17:15:04.969850,26.274509803921568,48.0
9BHBG51DAEP106133,2022-07-06 17:15:30.790536,26.666666666666668,51.0
9BHBG51DAEP106133,2022-07-06 17:15:36.330950,26.666666666666668,51.0
9BHBG51DAEP106133,2022-07-06 17:15:52.568966,27.058823529411764,52.0
9BHBG51DAEP106133,2022-07-06 17:15:54.591988,27.058823529411764,52.0
9BHBG51DAEP106133,2022-07-06 17:16:09.727747,27.45098039215686,54.0
9BHBG51DAEP106133,2022-07-06 17:16:19.858644,27.45098039215686,54.0
9BHBG51DAEP106133,2022-07-06 17:16:54.083105,28.235294117647058,56.0
9BHBG51DAEP106133,2022-07-06 17:17:03.869792,28.627450980392158,56.0
9BHBG51DAEP106133,2022-07-06 17:17:29.081968,28.627450980392158,56.0
9BHBG51DAEP106133,2022-07-06 17:17:36.728315,28.627450980392158,56.0
9BHBG51DAEP106133,2022-07-06 17:17:46.435087,28.627450980392158,56.0
9BHBG51DAEP106133,2022-07-06 17:17:55.860004,28.627450980392158,56.0
9BHBG51DAEP106133,2022-07-06 17:18:03.659275,28.627450980392158,54.0
9BHBG51DAEP106133,2022-07-06 17:18:10.759057,28.627450980392158,54.0
9BHBG51DAEP106133,2022-07-06 17:18:18.602406,28.627450980392158,56.0
9BHBG51DAEP106133,2022-07-06 17:18:20.644494,,56.0
9BHBG51DAEP106133,2022-07-06 17:18:37.146322,28.627450980392158,54.0
9BHBG51DAEP106133,2022-07-06 17:18:46.072472,28.235294117647058,54.0
9BHBG51DAEP106133,2022-07-06 17:18:52.342171,28.627450980392158,56.0
9BHBG51DAEP106133,2022-07-06 18:24:10.726671,29.41176470588235,56.0
9BHBG51DAEP106133,2022-07-06 18:24:15.287618,29.41176470588235,56.0
9BHBG51DAEP106133,2022-07-06 18:24:17.594540,29.41176470588235,56.0
9BHBG51DAEP106133,2022-07-06 18:24:19.899881,29.41176470588235,56.0
9BHBG51DAEP106133,2022-07-06 18:24:22.194775,29.41176470588235,56.0
9BHBG51DAEP106133,2022-07-06 18:24:24.492247,29.41176470588235,56.0
9BHBG51DAEP106133,2022-07-06 18:24:26.796766,29.41176470588235,56.0
9BHBG51DAEP106133,2022-07-06 18:24:29.116035,29.41176470588235,56.0
9BHBG51DAEP106133,2022-07-06 18:24:31.398392,29.41176470588235,56.0
9BHBG51DAEP106133,2022-07-06 18:24:33.728989,29.41176470588235,56.0
9BHBG51DAEP106133,2022-07-06 18:24:36.041385,29.019607843137255,56.0
9BHBG51DAEP106133,2022-07-06 18:24:40.601978,29.019607843137255,56.0
9BHBG51DAEP106133,2022-07-06 18:24:42.911289,29.019607843137255,56.0
9BHBG51DAEP106133,2022-07-06 18:24:45.238621,29.019607843137255,56.0
9BHBG51DAEP106133,2022-07-06 18:24:47.576779,29.019607843137255,56.0
9BHBG51DAEP106133,2022-07-06 18:24:49.880252,29.019607843137255,56.0
9BHBG51DAEP106133,2022-07-06 18:24:54.402687,29.019607843137255,56.0
9BHBG51DAEP106133,2022-07-06 18:24:56.708447,29.019607843137255,56.0
9BHBG51DAEP106133,2022-07-06 18:24:59.038554,29.019607843137255,56.0
9BHBG51DAEP106133,2022-07-06 18:25:01.382252,29.019607843137255,56.0
9BHBG51DAEP106133,2022-07-06 18:25:03.641339,29.019607843137255,56.0
9BHBG51DAEP106133,2022-07-06 18:25:18.831440,26.666666666666668,56.0
9BHBG51DAEP106133,2022-07-06 18:25:41.483952,29.019607843137255,54.0
9BHBG51DAEP106133,2022-07-06 18:25:50.421954,29.019607843137255,54.0
9BHBG51DAEP106133,2022-07-06 18:25:59.911631,28.235294117647058,54.0
9BHBG51DAEP106133,2022-07-06 18:26:19.946852,28.235294117647058,54.0
9BHBG51DAEP106133,2022-07-06 18:26:50.817752,28.235294117647058,54.0
9BHBG51DAEP106133,2022-07-06 18:27:00.866330,28.235294117647058,54.0
9BHBG51DAEP106133,2022-07-06 18:27:10.870491,28.235294117647058,54.0
9BHBG51DAEP106133,2022-07-06 18:27:31.859912,28.235294117647058,54.0
9BHBG51DAEP106133,2022-07-06 18:27:49.121054,28.235294117647058,54.0
9BHBG51DAEP106133,2022-07-06 18:27:57.383925,28.235294117647058,52.0
9BHBG51DAEP106133,2022-07-06 18:28:18.938277,28.235294117647058,51.0
9BHBG51DAEP106133,2022-07-06 18:28:23.925201,28.235294117647058,51.0
9BHBG51DAEP106133,2022-07-06 18:28:25.988418,28.235294117647058,51.0
9BHBG51DAEP106133,2022-07-06 18:28:55.109256,27.84313725490196,51.0
9BHBG51DAEP106133,2022-07-06 18:29:15.982223,22.745098039215687,51.0
9BHBG51DAEP106133,2022-07-06 18:29:27.267516,22.745098039215687,48.0
9BHBG51DAEP106133,2022-07-06 18:29:29.300436,,48.0
9BHBG51DAEP106133,2022-07-06 18:29:56.124220,26.274509803921568,48.0
9BHBG51DAEP106133,2022-07-06 18:29:58.138697,,48.0
9BHBG51DAEP106133,2022-07-06 18:30:07.983572,33.72549019607843,48.0
9BWBH6BF0M4017715,2022-07-06 12:03:13.428193,41.1764705882353,36.0
9BWBH6BF0M4017715,2022-07-06 12:03:15.736261,41.1764705882353,36.0
9BWBH6BF0M4017715,2022-07-06 12:03:18.040123,41.1764705882353,36.0
9BWBH6BF0M4017715,2022-07-06 12:03:20.340429,41.1764705882353,36.0
9BWBH6BF0M4017715,2022-07-06 12:03:22.638417,41.1764705882353,36.0
9BWBH6BF0M4017715,2022-07-06 12:03:24.941815,41.1764705882353,36.0
9BWBH6BF0M4017715,2022-07-06 12:03:27.239785,41.1764705882353,36.0
9BWBH6BF0M4017715,2022-07-06 12:03:29.529491,41.1764705882353,36.0
9BWBH6BF0M4017715,2022-07-06 12:03:31.856969,41.1764705882353,36.0
9BWBH6BF0M4017715,2022-07-06 12:03:36.471459,41.1764705882353,36.0
9BWBH6BF0M4017715,2022-07-06 12:03:38.761827,41.1764705882353,36.0
9BWBH6BF0M4017715,2022-07-06 12:03:41.054369,41.1764705882353,36.0
9BWBH6BF0M4017715,2022-07-06 12:03:43.341351,41.1764705882353,36.0
9BWBH6BF0M4017715,2022-07-06 12:03:47.942104,41.1764705882353,36.0
9BWBH6BF0M4017715,2022-07-06 12:03:50.240378,41.1764705882353,36.0
9BWBH6BF0M4017715,2022-07-06 12:03:52.564955,41.1764705882353,36.0
9BWBH6BF0M4017715,2022-07-06 12:03:54.839533,41.1764705882353,36.0
9BWBH6BF0M4017715,2022-07-06 12:03:57.139031,41.1764705882353,36.0
9BWBH6BF0M4017715,2022-07-06 12:03:59.456835,41.1764705882353,36.0
9BWBH6BF0M4017715,2022-07-06 12:04:01.729313,41.1764705882353,36.0
9BWBH6BF0M4017715,2022-07-06 12:04:04.029182,41.1764705882353,36.0
9BWBH6BF0M4017715,2022-07-06 12:04:06.339290,41.1764705882353,36.0
9BWBH6BF0M4017715,2022-07-06 12:04:08.657983,41.1764705882353,36.0
9BWBH6BF0M4017715,2022-07-06 12:04:10.964992,41.1764705882353,36.0
9BWBH6BF0M4017715,2022-07-06 12:04:13.258550,41.1764705882353,36.0
9BWBH6BF0M4017715,2022-07-06 12:04:15.551616,41.1764705882353,36.0
9BWBH6BF0M4017715,2022-07-06 12:04:17.842050,41.1764705882353,36.0
9BWBH6BF0M4017715,2022-07-06 12:04:20.139648,41.1764705882353,36.0
9BWBH6BF0M4017715,2022-07-06 12:04:22.442080,41.1764705882353,36.0
9BWBH6BF0M4017715,2022-07-06 12:04:24.769456,41.1764705882353,36.0
9BWBH6BF0M4017715,2022-07-06 12:04:27.059993,41.1764705882353,36.0
9BWBH6BF0M4017715,2022-07-06 12:04:29.340720,41.1764705882353,36.0
9BWBH6BF0M4017715,2022-07-06 12:04:31.639353,41.1764705882353,36.0
9BWBH6BF0M4017715,2022-07-06 12:04:33.929268,41.1764705882353,36.0
9BWBH6BF0M4017715,2022-07-06 12:04:36.240209,41.1764705882353,36.0
9BWBH6BF0M4017715,2022-07-06 12:04:38.543570,41.1764705882353,36.0
9BWBH6BF0M4017715,2022-07-06 12:04:40.852599,41.1764705882353,36.0
9BWBH6BF0M4017715,2022-07-06 12:04:43.150387,41.1764705882353,36.0
9BWBH6BF0M4017715,2022-07-06 12:04:45.441600,41.1764705882353,36.0
9BWBH6BF0M4017715,2022-07-06 12:04:47.738016,41.1764705882353,36.0
9BWBH6BF0M4017715,2022-07-06 12:04:50.031898,41.1764705882353,36.0
9BWBH6BF0M4017715,2022-07-06 12:04:52.337994,41.1764705882353,36.0
9BWBH6BF0M4017715,2022-07-06 12:04:54.647433,41.1764705882353,36.0
9BWBH6BF0M4017715,2022-07-06 12:04:56.966065,41.1764705882353,36.0
9BWBH6BF0M4017715,2022-07-06 12:04:59.261985,41.1764705882353,36.0
9BWBH6BF0M4017715,2022-07-06 12:05:01.542517,41.1764705882353,36.0
9BWBH6BF0M4017715,2022-07-06 12:05:03.847411,41.1764705882353,36.0
9BWBH6BF0M4017715,2022-07-06 12:05:06.142091,41.1764705882353,36.0
9BWBH6BF0M4017715,2022-07-06 12:05:08.444457,41.1764705882353,36.0
9BWBH6BF0M4017715,2022-07-06 12:05:10.744065,41.1764705882353,36.0
9BWBH6BF0M4017715,2022-07-06 12:05:13.052790,41.1764705882353,36.0
9BWBH6BF0M4017715,2022-07-06 12:05:15.373148,41.1764705882353,36.0
9BWBH6BF0M4017715,2022-07-06 12:05:17.649626,41.1764705882353,36.0
9BWBH6BF0M4017715,2022-07-06 12:05:19.941503,41.1764705882353,36.0
9BWBH6BF0M4017715,2022-07-06 12:05:22.231154,41.1764705882353,36.0
9BWBH6BF0M4017715,2022-07-06 12:05:24.528467,41.1764705882353,36.0
9BWBH6BF0M4017715,2022-07-06 12:05:26.830185,41.1764705882353,36.0
9BWBH6BF0M4017715,2022-07-06 12:05:29.161160,41.1764705882353,36.0
9BWBH6BF0M4017715,2022-07-06 12:05:31.456734,41.1764705882353,36.0
9BWBH6BF0M4017715,2022-07-06 12:05:33.750349,41.1764705882353,36.0
9BWBH6BF0M4017715,2022-07-06 12:05:36.041513,41.1764705882353,36.0
9BWBH6BF0M4017715,2022-07-06 12:05:38.342804,41.1764705882353,36.0
9BWBH6BF0M4017715,2022-07-06 12:05:40.639822,41.1764705882353,36.0
9BWBH6BF0M4017715,2022-07-06 12:05:42.945223,41.1764705882353,36.0
9BWBH6BF0M4017715,2022-07-06 12:05:45.266594,41.1764705882353,36.0
9BWBH6BF0M4017715,2022-07-06 12:05:47.543818,41.1764705882353,36.0
9BWBH6BF0M4017715,2022-07-06 12:05:52.161088,41.1764705882353,36.0
9BWBH6BF0M4017715,2022-07-06 12:05:54.429583,41.1764705882353,36.0
9BWBH6BF0M4017715,2022-07-06 12:05:56.730019,41.1764705882353,36.0
9BWBH6BF0M4017715,2022-07-06 12:05:59.052054,41.1764705882353,36.0
9BWBH6BF0M4017715,2022-07-06 12:06:01.339807,41.1764705882353,36.0
9BWBH6BF0M4017715,2022-07-06 12:06:03.644378,41.1764705882353,36.0
9BWBH6BF0M4017715,2022-07-06 12:06:05.938867,41.1764705882353,36.0
9BWBH6BF0M4017715,2022-07-06 12:06:08.241690,41.1764705882353,36.0
9BWBH6BF0M4017715,2022-07-06 12:06:10.529236,41.1764705882353,36.0
9BWBH6BF0M4017715,2022-07-06 12:06:12.829953,41.1764705882353,36.0
9BWBH6BF0M4017715,2022-07-06 12:06:15.109666,41.1764705882353,35.0
9BWBH6BF0M4017715,2022-07-06 12:06:17.428794,41.1764705882353,36.0
9BWBH6BF0M4017715,2022-07-06 12:06:19.768978,41.1764705882353,36.0
9BWBH6BF0M4017715,2022-07-06 12:06:22.039018,41.1764705882353,36.0
9BWBH6BF0M4017715,2022-07-06 12:06:24.339398,41.1764705882353,36.0
9BWBH6BF0M4017715,2022-07-06 12:06:26.630566,41.1764705882353,36.0
9BWBH6BF0M4017715,2022-07-06 12:06:28.929592,41.1764705882353,36.0
9BWBH6BF0M4017715,2022-07-06 12:06:31.229782,41.1764705882353,36.0
9BWBH6BF0M4017715,2022-07-06 12:06:33.540132,41.1764705882353,36.0
9BWBH6BF0M4017715,2022-07-06 12:06:35.872553,41.1764705882353,36.0
9BWBH6BF0M4017715,2022-07-06 12:06:38.142646,41.1764705882353,36.0
9BWBH6BF0M4017715,2022-07-06 12:06:40.431184,41.1764705882353,36.0
9BWBH6BF0M4017715,2022-07-06 12:06:42.740319,41.1764705882353,36.0
9BWBH6BF0M4017715,2022-07-06 12:06:45.030546,41.1764705882353,36.0
9BWBH6BF0M4017715,2022-07-06 12:06:47.345690,41.1764705882353,36.0
9BWBH6BF0M4017715,2022-07-06 12:06:49.679531,41.1764705882353,36.0
9BWBH6BF0M4017715,2022-07-06 12:06:51.947973,41.1764705882353,36.0
9BWBH6BF0M4017715,2022-07-06 12:06:54.230588,41.1764705882353,36.0
9BWBH6BF0M4017715,2022-07-06 12:06:56.531782,41.1764705882353,36.0
9BWBH6BF0M4017715,2022-07-06 12:06:58.842681,41.1764705882353,36.0
9BWBH6BF0M4017715,2022-07-06 12:07:01.129238,41.1764705882353,36.0
9BWBH6BF0M4017715,2022-07-06 12:07:03.439617,41.1764705882353,36.0
9BWBH6BF0M4017715,2022-07-06 12:07:05.730646,41.1764705882353,36.0
9BWBH6BF0M4017715,2022-07-06 12:07:08.046006,41.1764705882353,36.0
9BWBH6BF0M4017715,2022-07-06 12:07:10.373786,41.1764705882353,36.0
9BWBH6BF0M4017715,2022-07-06 12:07:12.642819,41.1764705882353,36.0
9BWBH6BF0M4017715,2022-07-06 12:07:14.955243,41.1764705882353,36.0
9BWBH6BF0M4017715,2022-07-06 12:07:17.242117,41.1764705882353,36.0
9BWBH6BF0M4017715,2022-07-06 12:07:19.545587,41.1764705882353,36.0
9BWBH6BF0M4017715,2022-07-06 12:07:21.841670,41.1764705882353,36.0
9BWBH6BF0M4017715,2022-07-06 12:07:24.154193,41.1764705882353,36.0
9BWBH6BF0M4017715,2022-07-06 12:07:26.439347,41.1764705882353,36.0
9BWBH6BF0M4017715,2022-07-06 12:07:28.740067,41.1764705882353,36.0
9BWBH6BF0M4017715,2022-07-06 12:07:31.029614,41.1764705882353,36.0
9BWBH6BF0M4017715,2022-07-06 12:07:33.329356,41.1764705882353,36.0
9BWBH6BF0M4017715,2022-07-06 12:07:35.628122,41.1764705882353,36.0
9BWBH6BF0M4017715,2022-07-06 12:07:37.928121,41.1764705882353,36.0
9BWBH6BF0M4017715,2022-07-06 12:07:40.256916,41.1764705882353,36.0
9BWBH6BF0M4017715,2022-07-06 12:07:42.555885,41.1764705882353,36.0
9BWBH6BF0M4017715,2022-07-06 12:07:44.830747,41.1764705882353,36.0
9BWBH6BF0M4017715,2022-07-06 12:07:47.143075,41.1764705882353,36.0
9BWBH6BF0M4017715,2022-07-06 12:07:49.451960,41.1764705882353,36.0
9BWBH6BF0M4017715,2022-07-06 12:07:51.782107,41.1764705882353,36.0
9BWBH6BF0M4017715,2022-07-06 12:08:26.295111,41.1764705882353,37.0
9BWBH6BF0M4017715,2022-07-06 12:50:28.141308,41.1764705882353,45.0
9BWBH6BF0M4017715,2022-07-06 12:50:30.443956,41.1764705882353,45.0
9BWBH6BF0M4017715,2022-07-06 12:50:32.749213,41.1764705882353,45.0
9BWBH6BF0M4017715,2022-07-06 12:50:35.039826,41.1764705882353,45.0
9BWBH6BF0M4017715,2022-07-06 12:50:37.364463,41.1764705882353,45.0
9BWBH6BF0M4017715,2022-07-06 12:50:39.654598,41.1764705882353,45.0
9BWBH6BF0M4017715,2022-07-06 12:50:41.955353,41.1764705882353,45.0
9BWBH6BF0M4017715,2022-07-06 12:50:44.252143,41.1764705882353,45.0
9BWBH6BF0M4017715,2022-07-06 12:50:46.571479,41.1764705882353,45.0
9BWBH6BF0M4017715,2022-07-06 12:50:48.948979,41.1764705882353,45.0
9BWBH6BF0M4017715,2022-07-06 12:50:51.152517,41.1764705882353,45.0
9BWBH6BF0M4017715,2022-07-06 12:50:53.452786,41.1764705882353,45.0
9BWBH6BF0M4017715,2022-07-06 12:50:55.752184,41.1764705882353,45.0
9BWBH6BF0M4017715,2022-07-06 12:50:58.054866,41.1764705882353,45.0
9BWBH6BF0M4017715,2022-07-06 12:51:00.351865,41.1764705882353,45.0
9BWBH6BF0M4017715,2022-07-06 12:51:02.654176,41.1764705882353,45.0
9BWBH6BF0M4017715,2022-07-06 12:51:04.975463,41.1764705882353,45.0
9BWBH6BF0M4017715,2022-07-06 12:51:07.263447,41.1764705882353,45.0
9BWBH6BF0M4017715,2022-07-06 12:51:09.579641,41.1764705882353,45.0
9BWBH6BF0M4017715,2022-07-06 12:51:11.852460,41.1764705882353,45.0
9BWBH6BF0M4017715,2022-07-06 12:51:16.443020,41.1764705882353,45.0
9BWBH6BF0M4017715,2022-07-06 12:51:18.783112,41.1764705882353,45.0
9BWBH6BF0M4017715,2022-07-06 12:51:21.050478,41.1764705882353,45.0
9BWBH6BF0M4017715,2022-07-06 12:51:23.353368,41.1764705882353,45.0
9BWBH6BF0M4017715,2022-07-06 12:51:25.671646,41.1764705882353,45.0
9BWBH6BF0M4017715,2022-07-06 12:51:39.443876,41.1764705882353,45.0
9BWBH6BF0M4017715,2022-07-06 12:52:38.751769,41.1764705882353,45.0
9BWBH6BF0M4017715,2022-07-06 12:52:43.351512,41.1764705882353,45.0
9BWBH6BF0M4017715,2022-07-06 12:52:45.640951,41.1764705882353,45.0
9BWBH6BF0M4017715,2022-07-06 12:52:47.975372,41.1764705882353,45.0
9BWBH6BF0M4017715,2022-07-06 12:52:50.267222,41.1764705882353,45.0
9BWBH6BF0M4017715,2022-07-06 12:52:52.560477,41.1764705882353,45.0
9BWBH6BF0M4017715,2022-07-06 12:52:54.864859,41.1764705882353,45.0
9BWBH6BF0M4017715,2022-07-06 12:52:57.167083,41.1764705882353,45.0
9BWBH6BF0M4017715,2022-07-06 12:52:59.453479,41.1764705882353,45.0
9BWBH6BF0M4017715,2022-07-06 12:53:01.754814,41.1764705882353,45.0
9BWBH6BF0M4017715,2022-07-06 12:53:04.084009,41.1764705882353,45.0
9BWBH6BF0M4017715,2022-07-06 12:53:06.357486,41.1764705882353,45.0
9BWBH6BF0M4017715,2022-07-06 12:53:08.667115,41.1764705882353,45.0
9BWBH6BF0M4017715,2022-07-06 12:53:10.987906,41.1764705882353,45.0
9BWBH6BF0M4017715,2022-07-06 12:53:13.288345,41.1764705882353,45.0
9BWBH6BF0M4017715,2022-07-06 12:53:15.554980,41.1764705882353,45.0
9BWBH6BF0M4017715,2022-07-06 12:53:17.858934,41.1764705882353,45.0
9BWBH6BF0M4017715,2022-07-06 12:53:20.164751,41.1764705882353,45.0
9BWBH6BF0M4017715,2022-07-06 12:53:22.469345,41.1764705882353,45.0
9BWBH6BF0M4017715,2022-07-06 12:53:24.798728,41.1764705882353,45.0
9BWBH6BF0M4017715,2022-07-06 12:53:27.088527,41.1764705882353,45.0
9BWBH6BF0M4017715,2022-07-06 12:53:29.368622,41.1764705882353,45.0
9BWBH6BF0M4017715,2022-07-06 12:53:31.657589,41.1764705882353,45.0
9BWBH6BF0M4017715,2022-07-06 12:53:33.954214,41.1764705882353,45.0
9BWBH6BF0M4017715,2022-07-06 12:53:36.258116,41.1764705882353,45.0
9BWBH6BF0M4017715,2022-07-06 12:53:38.581321,41.1764705882353,45.0
9BWBH6BF0M4017715,2022-07-06 12:53:40.883228,41.1764705882353,45.0
9BWBH6BF0M4017715,2022-07-06 12:53:43.183032,41.1764705882353,45.0
9BWBH6BF0M4017715,2022-07-06 12:53:45.465824,41.1764705882353,45.0
9BWBH6BF0M4017715,2022-07-06 12:53:47.755733,41.1764705882353,45.0
9BWBH6BF0M4017715,2022-07-06 12:53:52.358239,41.1764705882353,45.0
9BWBH6BF0M4017715,2022-07-06 12:53:54.756436,41.1764705882353,45.0
9BWBH6BF0M4017715,2022-07-06 12:53:56.964427,41.1764705882353,46.0
9BWBH6BF0M4017715,2022-07-06 12:53:59.275241,41.1764705882353,46.0
9BWBH6BF0M4017715,2022-07-06 12:54:01.586418,41.1764705882353,46.0
9BWBH6BF0M4017715,2022-07-06 12:54:03.866419,41.1764705882353,46.0
9BWBH6BF0M4017715,2022-07-06 12:54:06.164451,41.1764705882353,46.0
9BWBH6BF0M4017715,2022-07-06 12:54:08.458160,41.1764705882353,46.0
9BWBH6BF0M4017715,2022-07-06 12:54:10.756587,41.1764705882353,46.0
9BWBH6BF0M4017715,2022-07-06 12:54:13.060401,41.1764705882353,46.0
9BWBH6BF0M4017715,2022-07-06 12:54:15.372088,41.1764705882353,46.0
9BWBH6BF0M4017715,2022-07-06 12:54:17.676944,41.1764705882353,46.0
9BWBH6BF0M4017715,2022-07-06 12:54:19.959064,41.1764705882353,46.0
9BWBH6BF0M4017715,2022-07-06 12:54:22.258213,41.1764705882353,46.0
9BWBH6BF0M4017715,2022-07-06 12:54:24.597810,41.1764705882353,45.0
9BWBH6BF0M4017715,2022-07-06 12:54:26.855086,41.1764705882353,45.0
9BWBH6BF0M4017715,2022-07-06 12:54:29.172460,41.1764705882353,45.0
9BWBH6BF0M4017715,2022-07-06 12:54:31.477560,41.1764705882353,45.0
9BWBH6BF0M4017715,2022-07-06 12:54:33.756857,41.1764705882353,46.0
9BWBH6BF0M4017715,2022-07-06 12:54:36.044315,41.1764705882353,46.0
9BWBH6BF0M4017715,2022-07-06 12:54:40.664361,41.1764705882353,46.0
9BWBH6BF0M4017715,2022-07-06 12:54:42.955949,41.1764705882353,46.0
9BWBH6BF0M4017715,2022-07-06 12:54:45.275908,41.1764705882353,46.0
9BWBH6BF0M4017715,2022-07-06 12:54:47.566015,41.1764705882353,46.0
9BWBH6BF0M4017715,2022-07-06 12:54:49.857508,41.1764705882353,46.0
9BWBH6BF0M4017715,2022-07-06 12:54:52.156425,41.1764705882353,46.0
9BWBH6BF0M4017715,2022-07-06 12:54:54.455977,41.1764705882353,46.0
9BWBH6BF0M4017715,2022-07-06 12:54:56.756291,41.1764705882353,46.0
9BWBH6BF0M4017715,2022-07-06 12:54:59.055841,41.1764705882353,46.0
9BWBH6BF0M4017715,2022-07-06 12:55:01.356383,41.1764705882353,46.0
9BWBH6BF0M4017715,2022-07-06 12:55:03.680348,41.1764705882353,46.0
9BWBH6BF0M4017715,2022-07-06 12:55:05.955958,41.1764705882353,46.0
9BWBH6BF0M4017715,2022-07-06 12:55:08.269986,41.1764705882353,46.0
9BWBH6BF0M4017715,2022-07-06 12:55:10.554825,41.1764705882353,46.0
9BWBH6BF0M4017715,2022-07-06 12:55:12.854900,41.1764705882353,46.0
9BWBH6BF0M4017715,2022-07-06 12:55:15.159768,41.1764705882353,47.0
9BWBH6BF0M4017715,2022-07-06 12:55:17.455379,41.1764705882353,46.0
9BWBH6BF0M4017715,2022-07-06 12:55:19.779230,41.1764705882353,47.0
9BWBH6BF0M4017715,2022-07-06 12:55:22.079674,41.1764705882353,47.0
9BWBH6BF0M4017715,2022-07-06 12:55:24.370069,41.1764705882353,47.0
9BWBH6BF0M4017715,2022-07-06 12:55:26.655189,40.0,47.0
9BWBH6BF0M4017715,2022-07-06 12:55:28.962527,39.6078431372549,47.0
9BWBH6BF0M4017715,2022-07-06 12:55:31.276368,39.6078431372549,46.0
9BWBH6BF0M4017715,2022-07-06 12:55:33.558689,39.6078431372549,46.0
9BWBH6BF0M4017715,2022-07-06 12:55:35.879863,39.6078431372549,46.0
9BWBH6BF0M4017715,2022-07-06 12:55:38.158002,39.6078431372549,46.0
9BWBH6BF0M4017715,2022-07-06 12:55:40.466822,39.6078431372549,47.0
9BWBH6BF0M4017715,2022-07-06 12:55:42.755999,40.78431372549019,46.0
9BWBH6BF0M4017715,2022-07-06 12:55:45.062037,41.1764705882353,46.0
9BWBH6BF0M4017715,2022-07-06 12:55:47.362151,41.1764705882353,46.0
9BWBH6BF0M4017715,2022-07-06 12:55:49.683695,41.1764705882353,46.0
9BWBH6BF0M4017715,2022-07-06 12:55:51.963909,41.1764705882353,45.0
9BWBH6BF0M4017715,2022-07-06 12:55:54.264742,41.1764705882353,45.0
9BWBH6BF0M4017715,2022-07-06 12:55:56.567086,41.1764705882353,45.0
9BWBH6BF0M4017715,2022-07-06 12:55:58.859031,41.1764705882353,45.0
9BWBH6BF0M4017715,2022-07-06 12:56:01.165614,41.1764705882353,45.0
9BWBH6BF0M4017715,2022-07-06 12:56:03.467714,41.1764705882353,45.0
9BWBH6BF0M4017715,2022-07-06 12:56:05.775848,41.1764705882353,45.0
9BWBH6BF0M4017715,2022-07-06 12:56:08.083952,41.1764705882353,45.0
9BWBH6BF0M4017715,2022-07-06 12:56:10.357728,41.1764705882353,45.0
9BWBH6BF0M4017715,2022-07-06 12:56:12.667441,41.1764705882353,45.0
9BWBH6BF0M4017715,2022-07-06 12:56:14.966847,41.1764705882353,45.0
9BWBH6BF0M4017715,2022-07-06 12:56:17.260459,41.1764705882353,45.0
9BWBH6BF0M4017715,2022-07-06 12:56:19.557876,41.1764705882353,45.0
9BWBH6BF0M4017715,2022-07-06 12:56:21.857697,41.1764705882353,45.0
9BWBH6BF0M4017715,2022-07-06 12:56:24.181963,41.1764705882353,45.0
9BWBH6BF0M4017715,2022-07-06 12:56:26.484136,41.1764705882353,45.0
9BWBH6BF0M4017715,2022-07-06 12:56:28.768811,41.1764705882353,45.0
9BWBH6BF0M4017715,2022-07-06 12:56:31.056451,41.1764705882353,45.0
9BWBH6BF0M4017715,2022-07-06 12:56:33.358161,41.1764705882353,45.0
9BWBH6BF0M4017715,2022-07-06 12:56:35.658629,41.1764705882353,45.0
9BWBH6BF0M4017715,2022-07-06 12:56:37.956682,41.1764705882353,45.0
9BWBH6BF0M4017715,2022-07-06 12:56:40.285649,41.1764705882353,45.0
9BWBH6BF0M4017715,2022-07-06 12:56:42.580161,40.3921568627451,45.0
9BWBH6BF0M4017715,2022-07-06 12:56:44.856843,39.6078431372549,44.0
9BWBH6BF0M4017715,2022-07-06 12:56:47.157656,39.6078431372549,44.0
9BWBH6BF0M4017715,2022-07-06 12:56:49.458052,39.6078431372549,44.0
9BWBH6BF0M4017715,2022-07-06 12:56:51.767651,39.6078431372549,45.0
9BWBH6BF0M4017715,2022-07-06 12:56:54.058245,39.6078431372549,45.0
9BWBH6BF0M4017715,2022-07-06 12:56:56.369356,40.3921568627451,45.0
9BWBH6BF0M4017715,2022-07-06 12:56:58.684894,41.1764705882353,45.0
9BWBH6BF0M4017715,2022-07-06 12:57:00.977554,41.1764705882353,45.0
9BWBH6BF0M4017715,2022-07-06 12:57:03.256738,41.1764705882353,45.0
9BWBH6BF0M4017715,2022-07-06 12:57:05.560533,41.1764705882353,45.0
9BWBH6BF0M4017715,2022-07-06 12:57:07.857140,41.1764705882353,45.0
